world_rank,national_rank,quality_of_education,alumni_employment,quality_of_faculty,publications,influence,citations,patents,year
1,1,7,9,1,1,1,1,5,2012
2,2,9,17,3,12,4,4,1,2012
3,3,17,11,5,4,2,2,15,2012
4,1,10,24,4,16,16,11,50,2012
5,4,2,29,7,37,22,22,18,2012
6,5,8,14,2,53,33,26,101,2012
7,2,13,28,9,15,13,19,26,2012
8,6,14,31,12,14,6,15,66,2012
9,7,23,21,10,13,12,14,5,2012
10,8,16,52,6,6,5,3,16,2012
11,9,15,26,8,34,20,28,101,2012
12,10,21,42,14,22,21,16,10,2012
13,11,31,16,24,9,10,8,9,2012
14,1,32,19,31,8,19,23,3,2012
15,12,34,77,20,11,9,9,7,2012
16,1,26,66,11,40,51,44,34,2012
17,2,42,38,19,25,36,43,23,2012
18,1,4,101,22,101,67,101,29,2012
19,13,62,59,23,3,11,6,13,2012
20,14,61,101,15,10,8,10,22,2012
21,15,1,101,16,101,28,96,101,2012
22,2,24,93,13,101,91,101,28,2012
23,16,89,75,17,42,24,34,62,2012
24,17,101,101,21,19,3,13,33,2012
25,18,64,63,33,17,30,21,21,2012
26,19,82,101,18,35,71,39,44,2012
27,20,65,43,55,20,15,12,20,2012
28,3,84,73,35,26,26,29,41,2012
29,21,19,101,32,101,43,84,101,2012
30,22,101,78,27,41,47,40,57,2012
31,4,35,101,45,27,23,33,86,2012
32,3,77,101,44,39,44,51,11,2012
33,23,101,32,101,24,25,20,35,2012
34,24,68,60,101,2,17,7,8,2012
35,1,101,101,34,7,14,18,101,2012
36,25,101,86,56,31,29,31,29,2012
37,26,74,62,101,32,18,30,14,2012
38,27,92,101,41,74,52,67,12,2012
39,28,101,101,40,5,7,5,101,2012
40,29,101,101,28,68,72,36,101,2012
41,2,70,91,54,33,39,47,101,2012
42,30,95,70,49,61,101,58,19,2012
43,31,30,81,26,101,101,61,101,2012
44,32,101,101,63,46,48,32,23,2012
45,33,79,101,92,23,40,25,32,2012
46,34,83,88,48,71,54,56,101,2012
47,35,101,101,38,59,57,52,65,2012
48,1,48,101,25,73,96,101,101,2012
49,36,101,101,85,18,31,17,84,2012
50,37,101,101,88,45,42,45,27,2012
51,3,45,89,36,101,101,101,51,2012
52,38,101,101,83,30,50,35,54,2012
53,39,41,54,101,82,68,54,62,2012
54,2,3,61,77,101,101,101,101,2012
55,40,101,101,96,29,74,42,2,2012
56,4,97,101,51,72,101,101,35,2012
57,41,28,53,94,101,101,53,101,2012
58,42,27,13,101,101,101,101,92,2012
59,43,80,72,101,50,35,49,101,2012
60,1,71,101,43,64,41,70,101,2012
61,3,47,3,101,101,101,101,101,2012
62,44,101,101,86,48,34,37,101,2012
63,4,54,101,84,36,53,78,101,2012
64,45,101,94,101,38,60,27,99,2012
65,2,46,101,29,101,93,101,101,2012
66,46,49,37,65,101,73,92,101,2012
67,3,101,101,93,28,38,48,101,2012
68,47,85,101,50,47,55,41,101,2012
69,3,101,30,82,101,101,101,74,2012
70,1,51,101,42,84,49,95,101,2012
71,48,81,101,101,21,32,24,61,2012
72,49,101,101,59,80,83,72,85,2012
73,50,101,101,46,58,101,80,101,2012
74,4,56,101,69,101,101,101,46,2012
75,1,101,34,101,44,101,69,4,2012
76,5,101,101,75,52,70,63,101,2012
77,1,101,101,30,70,101,101,101,2012
78,51,33,101,101,96,63,65,101,2012
79,5,53,101,101,49,100,67,29,2012
80,52,101,101,70,101,101,77,49,2012
81,53,101,97,101,54,37,50,46,2012
82,1,87,101,52,86,58,100,101,2012
83,2,90,101,90,60,45,62,101,2012
84,54,101,50,101,76,62,57,86,2012
85,1,88,101,76,81,65,101,101,2012
86,55,60,41,101,101,95,75,101,2012
87,56,101,67,101,79,101,46,40,2012
88,4,101,101,80,101,69,99,101,2012
89,1,96,101,79,62,64,54,101,2012
90,3,52,101,101,91,76,94,101,2012
91,1,101,101,39,101,101,101,101,2012
92,1,101,101,101,67,90,89,46,2012
93,1,101,101,60,85,66,101,101,2012
94,2,101,101,101,56,92,85,69,2012
95,57,18,15,101,101,101,101,101,2012
96,58,101,101,101,95,46,66,100,2012
97,6,101,101,87,101,101,101,92,2012
98,7,101,101,78,75,81,86,101,2012
99,2,100,101,101,65,101,60,101,2012
100,5,44,4,101,101,101,101,101,2012
1,1,1,1,1,1,1,1,7,2013
2,2,11,2,4,6,2,2,11,2013
3,1,7,12,10,11,7,13,15,2013
4,3,2,16,2,16,3,3,1,2013
5,2,3,15,5,9,11,10,39,2013
6,4,13,8,9,13,9,11,10,2013
7,5,6,28,6,8,6,4,19,2013
8,6,4,14,3,58,35,27,101,2013
9,7,9,19,8,37,21,30,101,2013
10,8,10,25,13,20,12,22,42,2013
11,9,5,101,7,38,24,25,17,2013
12,10,22,5,25,10,10,9,14,2013
13,11,12,23,18,21,19,15,7,2013
14,1,17,3,32,14,23,29,5,2013
15,2,32,17,14,28,46,58,13,2013
16,12,38,35,12,5,15,6,12,2013
17,13,23,96,21,4,5,7,2,2013
18,1,16,60,11,40,53,55,60,2013
19,14,37,31,16,41,25,33,51,2013
20,15,33,101,19,15,14,14,22,2013
21,1,15,101,15,101,96,101,24,2013
22,16,101,101,22,23,4,18,63,2013
23,17,31,55,33,19,29,20,30,2013
24,18,65,101,20,33,66,34,67,2013
25,19,89,42,46,22,17,17,24,2013
26,20,101,56,24,46,84,37,20,2013
27,3,101,92,35,17,22,19,48,2013
28,21,101,21,101,27,26,24,30,2013
29,1,91,81,34,2,13,12,101,2013
30,4,24,101,49,12,16,21,73,2013
31,22,101,101,41,7,8,5,51,2013
32,23,35,27,101,3,18,8,6,2013
33,2,18,101,23,101,85,101,48,2013
34,24,101,101,60,30,27,26,42,2013
35,3,77,91,44,55,56,72,17,2013
36,1,26,101,26,73,101,101,101,2013
37,25,101,101,28,89,91,38,101,2013
38,26,95,39,52,71,101,65,36,2013
39,27,101,99,56,56,52,36,40,2013
40,1,101,13,101,48,101,76,4,2013
41,28,82,84,38,75,68,54,101,2013
42,29,101,101,42,93,61,85,27,2013
43,30,101,101,48,43,58,45,96,2013
44,31,101,101,87,18,31,16,67,2013
45,5,47,101,45,52,36,63,101,2013
46,32,46,101,29,101,28,82,101,2013
47,2,54,62,59,34,42,48,101,2013
48,2,19,101,84,31,50,78,81,2013
49,33,55,101,17,101,34,101,101,2013
50,34,101,72,101,29,54,23,67,2013
51,35,30,101,27,101,101,74,101,2013
52,36,101,101,86,32,55,35,60,2013
53,37,60,101,94,26,47,31,90,2013
54,38,101,69,88,54,37,41,100,2013
55,39,101,101,98,35,92,42,9,2013
56,2,52,101,30,101,78,101,101,2013
57,3,84,101,54,83,101,101,32,2013
58,3,101,101,95,25,39,39,100,2013
59,40,79,101,53,49,77,40,101,2013
60,1,101,101,47,64,38,62,101,2013
61,41,101,101,101,53,40,60,40,2013
62,1,101,101,31,76,101,101,101,2013
63,42,101,101,101,36,20,32,101,2013
64,3,8,101,57,101,101,101,101,2013
65,43,101,101,39,69,67,61,101,2013
66,4,50,101,36,101,101,101,73,2013
67,1,62,101,92,67,49,67,101,2013
68,1,101,101,63,42,43,51,101,2013
69,44,80,101,101,24,33,28,44,2013
70,4,101,6,101,101,101,101,73,2013
71,45,101,24,101,88,73,68,63,2013
72,6,101,101,76,47,63,57,101,2013
73,46,101,101,73,101,101,89,20,2013
74,3,101,101,82,59,48,52,101,2013
75,7,41,101,101,45,45,44,101,2013
76,47,63,80,101,101,86,66,51,2013
77,48,59,52,67,101,89,96,101,2013
78,49,101,101,90,60,57,49,101,2013
79,2,73,101,55,82,59,100,101,2013
80,50,101,101,50,72,101,88,101,2013
81,1,101,101,40,101,101,101,101,2013
82,51,45,20,101,101,101,101,78,2013
83,4,101,101,85,101,101,83,54,2013
84,1,101,101,101,39,44,47,101,2013
85,52,101,48,101,50,72,59,101,2013
86,4,101,4,101,101,101,101,101,2013
87,1,101,101,101,44,101,50,27,2013
88,53,101,101,101,90,32,56,101,2013
89,54,101,101,68,101,101,98,90,2013
90,1,14,101,51,101,101,101,101,2013
91,5,72,101,71,101,101,101,58,2013
92,1,101,101,101,61,101,101,48,2013
93,55,101,101,101,66,41,53,81,2013
94,56,51,101,97,101,101,64,81,2013
95,6,43,101,101,65,101,91,26,2013
96,2,101,101,43,101,101,101,101,2013
97,4,101,101,101,68,101,92,81,2013
98,1,69,101,81,74,79,71,101,2013
99,5,28,101,72,101,87,101,101,2013
100,57,101,85,101,97,101,43,32,2013
1,1,1,1,1,1,1,1,2,2014
2,2,11,2,4,5,3,3,6,2014
3,3,3,11,2,15,2,2,1,2014
4,1,2,10,5,10,9,12,48,2014
5,2,7,12,10,11,12,11,16,2014
6,4,13,8,9,14,13,9,4,2014
7,5,4,22,6,7,4,3,28,2014
8,6,10,14,8,17,19,10,149,2014
9,7,5,16,3,70,25,19,204,2014
10,8,9,25,11,18,7,32,45,2014
11,9,12,18,19,23,15,23,12,2014
12,10,6,303,7,48,6,16,9,2014
13,1,17,3,33,12,16,28,14,2014
14,11,21,4,26,8,17,13,28,2014
15,12,27,27,12,6,14,7,10,2014
16,2,30,23,15,27,41,61,18,2014
17,13,33,21,17,49,29,32,48,2014
18,1,16,105,13,42,28,45,84,2014
19,14,24,75,18,4,10,6,3,2014
20,15,32,478,20,16,5,19,13,2014
21,16,29,19,131,3,20,5,19,2014
22,1,15,255,16,114,94,493,40,2014
23,17,151,13,105,28,32,25,61,2014
24,1,355,9,210,38,165,87,5,2014
25,18,31,28,34,21,24,23,28,2014
26,19,65,30,49,22,23,13,42,2014
27,20,355,478,23,24,8,17,57,2014
28,21,34,80,21,36,45,38,64,2014
29,22,92,39,24,51,54,26,45,2014
30,3,20,406,52,13,22,18,121,2014
31,1,71,45,35,2,18,13,149,2014
32,23,89,107,46,9,11,8,54,2014
33,24,91,33,31,52,47,38,54,2014
34,3,271,5,210,299,243,310,159,2014
35,1,8,478,59,362,156,493,737,2014
36,2,150,6,208,323,282,250,181,2014
37,25,72,478,14,347,26,107,227,2014
38,2,18,478,22,233,63,250,51,2014
39,4,121,98,38,20,27,31,34,2014
40,4,355,7,210,391,384,283,204,2014
41,26,194,17,117,93,71,55,94,2014
42,2,45,32,60,35,59,34,204,2014
43,5,69,36,48,43,55,114,34,2014
44,27,46,15,210,246,164,125,74,2014
45,28,179,86,61,32,37,22,38,2014
46,29,226,42,65,33,36,26,100,2014
47,30,93,65,81,30,52,30,38,2014
48,1,14,210,50,264,247,310,737,2014
49,31,61,159,83,19,38,29,68,2014
50,3,26,410,25,69,89,114,338,2014
51,32,148,74,43,59,64,61,33,2014
52,33,81,52,54,72,87,73,20,2014
53,34,76,195,210,25,58,21,64,2014
54,35,25,219,27,207,234,52,170,2014
55,1,355,35,210,65,155,250,7,2014
56,5,42,131,36,54,42,55,307,2014
57,36,47,192,90,29,31,38,68,2014
58,37,96,145,112,39,21,34,181,2014
59,38,212,299,95,34,70,52,8,2014
60,39,124,252,28,105,53,48,68,2014
61,3,85,298,92,26,34,36,78,2014
62,40,88,91,45,99,62,114,22,2014
63,41,75,56,41,97,35,75,128,2014
64,42,197,20,150,241,230,159,307,2014
65,1,113,24,210,46,216,283,637,2014
66,43,50,478,29,127,30,81,181,2014
67,44,291,47,84,60,46,43,227,2014
68,4,36,431,86,31,39,99,100,2014
69,6,98,73,74,41,68,43,94,2014
70,45,99,62,87,67,33,37,307,2014
71,46,108,90,113,58,57,52,51,2014
72,6,40,241,210,56,112,107,21,2014
73,1,126,478,37,55,61,38,737,2014
74,1,355,99,210,37,136,114,23,2014
75,2,48,151,30,121,75,99,194,2014
76,47,63,198,51,57,49,38,338,2014
77,48,60,50,116,112,104,69,76,2014
78,49,355,97,210,66,65,73,45,2014
79,1,111,143,63,44,44,61,481,2014
80,50,217,478,42,76,48,48,138,2014
81,51,56,46,67,123,66,55,170,2014
82,1,43,156,91,64,56,69,181,2014
83,52,123,77,210,104,154,79,24,2014
84,53,68,43,178,164,148,79,84,2014
85,3,110,404,82,47,43,55,94,2014
86,3,74,122,56,95,116,176,28,2014
87,2,294,63,210,79,192,134,16,2014
88,1,102,181,101,40,51,55,338,2014
89,2,57,426,58,68,67,61,159,2014
90,7,28,173,114,84,132,87,181,2014
91,1,66,178,32,78,162,250,373,2014
92,7,355,41,210,135,170,283,27,2014
93,4,355,130,80,126,121,48,41,2014
94,1,355,225,210,53,111,75,64,2014
95,1,127,158,162,50,117,61,100,2014
96,8,208,48,119,150,157,87,44,2014
97,2,136,101,210,45,74,87,194,2014
98,3,23,275,70,156,125,187,227,2014
99,4,38,138,173,106,92,187,100,2014
100,2,185,26,106,223,312,310,637,2014
101,2,355,66,184,88,142,75,227,2014
102,54,44,208,189,134,97,60,100,2014
103,4,163,144,148,61,105,81,84,2014
104,55,355,478,136,92,76,61,78,2014
105,56,328,94,53,73,90,87,280,2014
106,57,355,478,72,141,79,69,34,2014
107,2,355,61,210,143,330,250,15,2014
108,58,54,313,94,252,144,45,61,2014
109,4,41,221,39,180,226,187,100,2014
110,1,53,478,77,80,88,99,481,2014
111,1,139,266,44,108,126,130,373,2014
112,59,112,214,210,85,115,45,128,2014
113,60,211,38,175,166,769,176,204,2014
114,1,79,29,169,456,241,310,259,2014
115,3,265,295,134,75,96,125,78,2014
116,3,132,478,165,81,133,48,737,2014
117,3,107,478,78,82,91,114,227,2014
118,61,146,37,210,295,323,310,159,2014
119,2,292,188,107,90,78,81,194,2014
120,1,355,207,210,63,107,81,259,2014
121,62,355,478,210,111,40,107,194,2014
122,4,182,438,204,74,86,87,338,2014
123,8,177,242,76,87,69,99,338,2014
124,4,62,336,111,94,77,99,737,2014
125,63,223,184,163,103,81,87,115,2014
126,64,170,478,68,161,73,69,100,2014
127,5,293,265,190,71,103,107,338,2014
128,3,355,85,210,186,262,363,11,2014
129,6,118,155,210,91,120,114,552,2014
130,4,355,58,210,182,428,220,34,2014
131,1,302,70,210,62,182,114,737,2014
132,9,67,356,69,119,141,134,68,2014
133,65,355,478,131,140,118,150,78,2014
134,5,309,460,210,77,110,87,426,2014
135,5,137,113,187,155,106,159,64,2014
136,2,115,282,139,89,158,81,121,2014
137,9,219,112,210,118,131,87,280,2014
138,66,355,152,210,159,128,87,78,2014
139,3,165,167,57,221,196,81,115,2014
140,5,117,478,73,107,60,159,426,2014
141,6,210,271,159,128,159,87,159,2014
142,10,58,119,198,116,160,150,204,2014
143,67,355,244,210,219,100,61,307,2014
144,7,355,398,210,83,123,87,737,2014
145,68,242,59,210,251,236,150,128,2014
146,11,315,81,210,115,129,107,259,2014
147,12,128,148,85,113,174,150,159,2014
148,2,355,478,210,110,387,220,26,2014
149,4,172,114,210,100,194,99,138,2014
150,10,19,320,210,460,520,283,373,2014
151,13,84,93,210,132,134,134,280,2014
152,7,355,49,210,154,198,250,426,2014
153,11,22,362,96,349,259,283,307,2014
154,5,77,222,66,168,113,134,426,2014
155,1,272,116,210,98,195,176,481,2014
156,69,355,424,210,195,351,134,57,2014
157,6,275,478,110,117,84,159,373,2014
158,7,94,478,119,122,82,250,481,2014
159,8,64,478,102,158,143,159,227,2014
160,5,186,377,47,137,95,187,426,2014
161,9,105,291,62,175,151,200,280,2014
162,70,355,40,210,315,291,493,89,2014
163,71,160,478,99,239,50,114,227,2014
164,72,355,478,210,139,114,134,194,2014
165,73,355,478,210,169,80,176,159,2014
166,8,355,89,210,147,171,114,737,2014
167,6,249,31,165,980,825,609,737,2014
168,5,248,321,71,177,186,107,737,2014
169,10,39,174,172,172,152,310,373,2014
170,6,277,134,210,96,146,250,159,2014
171,74,157,34,210,632,677,406,737,2014
172,75,174,478,210,188,85,159,138,2014
173,76,355,284,210,242,263,159,51,2014
174,5,355,69,210,292,481,406,28,2014
175,77,355,478,119,191,124,107,227,2014
176,7,59,478,55,190,135,250,204,2014
177,78,305,132,210,145,166,159,204,2014
178,14,131,257,190,124,127,114,227,2014
179,11,304,146,126,152,138,134,637,2014
180,79,176,53,210,312,229,187,307,2014
181,2,162,467,178,109,183,200,481,2014
182,80,273,190,109,142,173,75,338,2014
183,81,355,478,210,125,102,134,280,2014
184,3,278,478,210,101,99,176,737,2014
185,82,355,478,210,227,168,61,149,2014
186,6,355,478,210,279,346,220,25,2014
187,6,184,106,183,202,93,99,637,2014
188,12,260,378,126,138,172,283,61,2014
189,3,355,126,210,120,264,310,100,2014
190,15,138,218,40,368,261,176,481,2014
191,4,355,269,103,179,286,134,181,2014
192,83,355,186,210,187,258,125,181,2014
193,84,355,478,136,288,72,187,170,2014
194,6,95,338,210,237,108,134,637,2014
195,4,325,149,210,102,250,250,138,2014
196,85,243,96,97,220,213,220,149,2014
197,3,339,478,195,240,257,200,48,2014
198,2,86,55,206,213,309,406,204,2014
199,12,355,109,194,215,150,187,426,2014
200,1,319,68,193,301,249,150,227,2014
201,7,166,478,205,167,119,99,426,2014
202,2,90,478,88,171,386,159,204,2014
203,86,216,83,210,209,161,159,194,2014
204,7,355,191,210,206,331,187,54,2014
205,1,200,160,100,225,147,150,737,2014
206,5,355,293,210,86,318,493,94,2014
207,87,104,193,169,176,122,187,128,2014
208,88,199,118,154,194,190,159,373,2014
209,16,306,183,135,183,153,310,170,2014
210,13,114,456,171,173,197,114,338,2014
211,17,159,248,200,149,163,134,373,2014
212,9,355,287,210,185,191,159,481,2014
213,14,222,478,210,170,208,134,307,2014
214,18,133,348,210,231,181,220,227,2014
215,15,343,170,122,193,271,150,109,2014
216,89,256,179,210,162,179,159,481,2014
217,6,331,447,210,148,371,363,57,2014
218,90,355,416,210,131,189,220,170,2014
219,4,342,319,210,130,283,187,552,2014
220,10,149,84,150,257,297,220,227,2014
221,8,181,478,210,136,101,220,159,2014
222,91,228,478,210,199,98,134,259,2014
223,16,100,407,164,216,178,200,481,2014
224,9,220,472,210,129,83,176,227,2014
225,7,145,397,140,165,214,283,373,2014
226,11,285,296,210,212,270,220,109,2014
227,92,300,117,210,192,177,134,481,2014
228,93,245,194,210,151,202,159,181,2014
229,19,355,250,210,200,149,200,481,2014
230,10,355,478,210,133,130,220,204,2014
231,5,311,471,159,214,272,220,552,2014
232,17,180,396,192,236,185,220,280,2014
233,94,282,402,210,160,187,200,204,2014
234,95,298,92,210,363,298,283,194,2014
235,96,355,124,210,238,223,176,307,2014
236,97,49,311,79,527,169,493,128,2014
237,18,355,478,210,218,227,176,109,2014
238,19,346,286,122,197,364,187,138,2014
239,98,355,478,210,314,224,130,373,2014
240,99,355,428,145,263,233,200,149,2014
241,11,355,358,165,174,137,200,280,2014
242,7,355,67,210,326,666,406,74,2014
243,100,120,121,210,375,344,159,138,2014
244,12,355,478,210,153,109,250,426,2014
245,13,202,478,210,189,139,363,426,2014
246,2,355,60,210,157,545,800,307,2014
247,101,297,386,126,265,305,250,76,2014
248,5,73,478,210,271,276,130,552,2014
249,20,355,478,188,204,167,250,637,2014
250,8,355,478,210,208,376,283,307,2014
251,21,168,478,210,298,207,159,637,2014
252,20,164,478,210,354,200,134,227,2014
253,13,183,478,108,226,239,176,259,2014
254,3,355,478,210,146,218,250,204,2014
255,102,355,288,210,201,180,134,338,2014
256,103,355,478,210,410,334,125,227,2014
257,21,355,478,154,302,306,250,737,2014
258,104,355,44,210,594,512,609,481,2014
259,105,317,270,210,184,219,250,338,2014
260,106,134,478,210,331,302,200,373,2014
261,107,355,262,210,366,322,220,89,2014
262,108,203,478,143,234,201,250,259,2014
263,22,355,478,210,254,140,220,373,2014
264,23,122,237,210,250,203,250,373,2014
265,109,175,268,210,247,145,176,338,2014
266,6,316,304,93,211,256,200,637,2014
267,2,97,169,142,333,244,220,552,2014
268,110,355,418,210,203,285,200,204,2014
269,2,227,182,210,276,280,150,307,2014
270,8,355,238,210,144,275,363,481,2014
271,111,270,185,210,196,267,200,227,2014
272,7,324,475,210,163,333,200,737,2014
273,1,230,455,210,266,235,283,138,2014
274,112,355,478,150,267,175,220,373,2014
275,9,289,374,210,222,212,250,227,2014
276,24,347,223,210,282,217,250,481,2014
277,12,301,172,210,253,273,220,204,2014
278,1,327,478,147,178,321,220,426,2014
279,14,355,478,210,294,274,283,109,2014
280,13,355,125,210,205,352,283,637,2014
281,15,355,226,210,332,335,250,94,2014
282,22,355,478,122,285,232,310,737,2014
283,1,355,51,210,580,752,406,737,2014
284,14,355,153,210,289,251,250,338,2014
285,2,37,129,210,619,620,609,737,2014
286,2,231,163,210,274,350,220,373,2014
287,25,241,78,210,393,319,220,481,2014
288,10,267,478,141,217,176,363,552,2014
289,7,355,478,210,277,199,220,737,2014
290,2,83,427,89,269,394,250,426,2014
291,3,355,279,210,256,469,363,128,2014
292,9,355,328,210,198,424,310,138,2014
293,113,355,478,210,338,279,220,737,2014
294,114,35,236,210,677,444,406,373,2014
295,23,355,478,210,324,252,363,280,2014
296,115,355,267,122,293,221,310,170,2014
297,24,80,276,210,353,432,406,115,2014
298,116,355,440,182,262,353,130,737,2014
299,25,308,478,201,287,268,800,307,2014
300,26,78,175,210,379,367,363,280,2014
301,4,355,464,210,210,342,220,552,2014
302,8,355,177,210,290,345,310,737,2014
303,27,355,453,210,284,288,406,426,2014
304,28,355,283,210,235,222,406,637,2014
305,3,355,478,210,249,206,283,737,2014
306,26,70,139,75,520,742,310,737,2014
307,117,130,54,210,986,538,609,737,2014
308,8,268,465,210,229,368,200,426,2014
309,5,355,449,210,228,245,310,426,2014
310,2,355,478,210,275,242,283,426,2014
311,3,355,64,210,545,494,310,259,2014
312,118,355,478,210,322,357,310,552,2014
313,1,337,478,210,243,231,220,637,2014
314,8,355,446,210,358,661,283,68,2014
315,1,355,478,210,700,877,609,42,2014
316,6,135,478,136,313,215,310,227,2014
317,27,287,253,158,612,554,493,552,2014
318,119,295,171,210,383,307,250,115,2014
319,120,116,165,210,348,313,220,259,2014
320,121,178,215,210,364,300,406,373,2014
321,122,355,478,210,424,412,150,737,2014
322,123,355,389,210,335,383,406,138,2014
323,28,125,478,210,317,193,363,280,2014
324,29,198,394,210,224,253,200,259,2014
325,9,355,478,210,260,260,283,737,2014
326,3,190,415,115,413,225,310,373,2014
327,29,55,258,210,374,417,493,227,2014
328,1,355,57,210,644,928,800,426,2014
329,2,261,120,210,304,326,493,181,2014
330,7,355,478,210,258,314,220,373,2014
331,1,355,246,210,248,433,310,737,2014
332,124,355,95,210,548,380,200,338,2014
333,10,355,478,210,484,303,310,737,2014
334,9,355,478,210,528,565,406,57,2014
335,125,154,256,210,272,246,250,426,2014
336,30,355,478,210,272,209,159,481,2014
337,1,299,478,210,181,204,406,481,2014
338,30,355,382,210,303,248,310,737,2014
339,16,52,135,126,841,812,609,338,2014
340,8,201,400,210,244,254,283,737,2014
341,11,355,478,210,291,429,250,373,2014
342,31,169,399,210,308,284,283,737,2014
343,31,290,478,209,328,237,283,259,2014
344,12,276,385,206,329,359,283,637,2014
345,32,355,478,210,525,459,310,552,2014
346,126,334,478,210,370,205,200,637,2014
347,6,355,72,210,582,734,800,426,2014
348,127,240,187,210,480,290,200,481,2014
349,10,318,168,210,311,456,493,280,2014
350,33,187,478,174,356,210,187,637,2014
351,128,355,478,210,469,395,363,128,2014
352,4,355,478,210,380,316,310,280,2014
353,11,355,315,181,296,555,310,307,2014
354,11,355,100,210,371,507,609,307,2014
355,2,355,372,210,318,338,220,637,2014
356,7,355,478,210,373,634,406,100,2014
357,34,250,371,210,309,188,406,481,2014
358,32,355,478,210,278,255,363,426,2014
359,13,355,478,210,367,341,406,637,2014
360,33,355,478,210,336,349,363,204,2014
361,129,355,82,210,639,442,310,637,2014
362,5,355,478,165,280,382,406,138,2014
363,130,355,342,195,468,287,493,227,2014
364,131,355,76,210,653,577,310,637,2014
365,132,221,111,210,427,623,310,307,2014
366,15,355,478,210,319,289,125,373,2014
367,14,355,478,210,378,295,283,426,2014
368,15,355,478,210,509,489,220,737,2014
369,133,161,478,161,402,372,187,338,2014
370,12,152,102,210,401,547,609,204,2014
371,1,87,478,104,539,403,250,637,2014
372,134,312,137,210,513,499,283,338,2014
373,2,355,478,210,377,410,310,737,2014
374,10,355,478,210,474,505,609,89,2014
375,4,355,478,210,255,893,493,259,2014
376,17,355,478,210,442,299,609,307,2014
377,16,355,478,210,320,337,363,737,2014
378,1,192,477,176,268,348,363,737,2014
379,135,355,478,210,365,294,363,227,2014
380,11,239,445,210,398,626,609,84,2014
381,5,355,189,210,261,764,406,481,2014
382,34,355,370,210,390,402,493,307,2014
383,16,229,478,64,530,533,363,737,2014
384,8,355,478,210,339,556,493,89,2014
385,13,51,478,210,408,490,406,737,2014
386,18,355,478,210,342,315,406,204,2014
387,17,355,478,210,399,393,310,552,2014
388,18,355,478,210,345,336,493,338,2014
389,19,101,203,186,360,532,609,280,2014
390,136,262,478,210,341,378,493,194,2014
391,3,355,478,210,320,332,609,481,2014
392,4,355,251,210,344,434,609,138,2014
393,17,355,478,210,286,281,406,373,2014
394,14,355,87,210,406,926,800,426,2014
395,9,349,332,210,359,435,493,737,2014
396,1,355,79,210,529,904,493,737,2014
397,35,355,71,210,728,731,800,737,2014
398,18,355,164,210,397,396,250,737,2014
399,15,355,127,210,307,595,800,181,2014
400,12,355,478,210,411,652,363,115,2014
401,137,355,468,210,388,391,493,149,2014
402,14,213,301,185,300,361,493,181,2014
403,15,355,478,210,440,385,363,426,2014
404,138,355,346,131,511,277,200,637,2014
405,16,355,478,210,452,240,283,637,2014
406,13,355,478,210,512,741,800,78,2014
407,19,279,325,210,473,400,493,170,2014
408,16,355,232,210,259,656,609,181,2014
409,36,355,147,210,486,612,609,481,2014
410,9,355,451,210,386,583,406,109,2014
411,3,355,220,210,232,638,609,737,2014
412,17,158,409,210,412,695,609,121,2014
413,20,355,478,210,504,516,406,128,2014
414,20,355,478,210,422,500,609,737,2014
415,139,288,444,210,495,423,283,149,2014
416,10,206,200,210,478,672,609,109,2014
417,21,274,128,210,567,579,493,307,2014
418,4,244,478,210,230,406,493,552,2014
419,1,119,478,145,400,488,363,637,2014
420,1,355,133,210,611,537,800,115,2014
421,37,355,352,210,387,379,310,552,2014
422,19,355,110,210,540,687,493,552,2014
423,140,355,478,210,579,471,310,737,2014
424,22,355,217,210,503,506,363,204,2014
425,5,253,354,210,426,360,493,373,2014
426,11,355,478,210,409,184,609,481,2014
427,4,351,413,210,381,365,406,159,2014
428,14,355,478,210,781,792,800,68,2014
429,15,355,478,210,626,663,800,84,2014
430,6,355,235,210,554,461,493,637,2014
431,21,355,478,210,404,328,406,280,2014
432,17,355,478,210,327,228,406,426,2014
433,10,355,478,210,376,266,363,737,2014
434,141,355,478,97,449,374,283,637,2014
435,18,224,469,210,270,467,493,373,2014
436,2,263,88,210,701,732,800,637,2014
437,3,355,478,210,297,534,406,227,2014
438,19,355,228,210,310,627,609,481,2014
439,142,314,180,210,441,419,406,637,2014
440,16,355,422,210,395,511,363,128,2014
441,143,355,478,210,384,478,220,552,2014
442,144,355,478,210,488,542,609,280,2014
443,145,355,104,210,712,501,406,737,2014
444,23,109,478,210,603,455,493,149,2014
445,12,355,478,210,343,477,363,338,2014
446,146,355,350,210,538,414,609,737,2014
447,17,355,343,210,646,802,609,94,2014
448,147,129,249,210,459,479,310,338,2014
449,38,355,339,210,372,398,250,637,2014
450,1,330,263,210,450,310,493,426,2014
451,2,232,278,210,416,375,493,552,2014
452,5,355,478,210,482,401,800,637,2014
453,12,355,478,210,316,451,310,194,2014
454,24,355,327,210,455,409,493,373,2014
455,22,355,431,210,421,440,310,637,2014
456,23,355,478,210,407,356,310,737,2014
457,20,355,466,210,245,588,493,481,2014
458,35,355,478,210,454,539,406,170,2014
459,4,355,142,210,584,436,310,737,2014
460,148,355,347,210,516,325,250,637,2014
461,25,355,196,210,650,362,800,338,2014
462,18,355,478,126,489,220,493,737,2014
463,3,355,359,210,423,464,406,227,2014
464,149,196,176,210,568,474,493,280,2014
465,21,355,162,210,330,855,609,373,2014
466,24,355,478,210,435,485,310,637,2014
467,150,355,369,210,677,630,200,737,2014
468,36,355,478,157,475,347,493,481,2014
469,151,355,379,148,451,211,363,373,2014
470,152,355,349,210,643,521,406,737,2014
471,26,355,333,210,564,568,283,204,2014
472,39,355,245,210,382,454,406,426,2014
473,153,355,351,210,578,566,220,637,2014
474,13,355,478,210,361,468,609,204,2014
475,22,355,289,210,283,875,609,338,2014
476,19,355,478,210,351,355,609,307,2014
477,154,189,260,210,506,513,310,373,2014
478,2,355,478,210,334,649,493,637,2014
479,2,355,478,210,396,466,609,552,2014
480,155,355,277,210,392,508,250,552,2014
481,37,352,478,210,433,615,800,338,2014
482,156,355,421,210,637,660,609,121,2014
483,20,320,380,210,337,427,310,373,2014
484,27,355,478,210,645,482,406,737,2014
485,157,355,224,210,531,327,363,426,2014
486,9,355,452,210,416,292,283,552,2014
487,3,173,154,210,561,426,493,737,2014
488,158,283,141,210,906,487,493,552,2014
489,159,251,123,210,767,718,800,737,2014
490,160,355,478,210,792,618,250,637,2014
491,38,355,478,210,487,370,493,737,2014
492,2,355,115,210,670,910,493,426,2014
493,18,355,247,210,437,662,609,637,2014
494,40,355,103,210,808,868,800,637,2014
495,20,355,478,210,340,525,609,307,2014
496,4,355,462,210,430,476,493,170,2014
497,39,355,392,210,431,527,406,259,2014
498,23,355,292,210,403,650,493,227,2014
499,41,195,234,210,414,548,406,338,2014
500,40,355,478,210,483,619,493,259,2014
501,3,355,478,210,305,495,609,280,2014
502,28,355,322,210,550,450,310,637,2014
503,6,266,408,210,415,392,609,259,2014
504,161,141,157,210,580,617,609,481,2014
505,162,355,478,210,554,377,363,373,2014
506,10,355,274,210,445,460,609,338,2014
507,11,82,478,210,551,573,609,637,2014
508,41,345,478,202,385,340,800,737,2014
509,29,355,478,210,607,269,493,737,2014
510,163,355,478,210,424,470,493,737,2014
511,25,355,478,210,576,604,609,737,2014
512,164,355,434,210,465,504,363,426,2014
513,19,355,395,210,954,915,800,89,2014
514,8,208,209,210,727,405,406,552,2014
515,24,355,478,210,306,530,800,373,2014
516,1,355,478,210,629,311,310,737,2014
517,21,355,478,210,446,437,406,637,2014
518,6,338,429,197,526,524,406,481,2014
519,14,355,478,210,428,755,609,121,2014
520,15,354,441,210,350,684,493,338,2014
521,165,355,478,210,726,594,493,481,2014
522,166,355,478,150,736,411,609,737,2014
523,21,355,108,210,995,837,800,637,2014
524,167,156,419,210,553,473,363,307,2014
525,1,355,478,210,346,449,310,737,2014
526,22,355,478,210,429,324,493,737,2014
527,4,296,161,210,630,441,609,637,2014
528,25,355,478,210,444,808,609,204,2014
529,20,355,403,210,564,730,800,128,2014
530,42,355,478,210,491,329,609,637,2014
531,16,355,478,210,325,418,493,426,2014
532,23,252,478,210,467,265,609,373,2014
533,26,355,478,210,583,397,609,552,2014
534,5,355,478,210,355,502,406,737,2014
535,4,355,478,210,522,785,609,121,2014
536,43,355,478,210,442,293,310,552,2014
537,168,218,273,210,537,491,406,737,2014
538,169,335,140,210,991,796,609,552,2014
539,30,307,474,210,573,611,800,149,2014
540,170,355,344,210,557,354,363,637,2014
541,42,355,478,210,560,317,406,373,2014
542,31,355,478,210,763,609,493,259,2014
543,5,332,212,210,708,722,363,737,2014
544,7,355,136,210,819,670,800,737,2014
545,3,348,478,210,420,415,609,481,2014
546,12,355,478,210,434,475,609,637,2014
547,32,355,478,210,715,304,493,426,2014
548,171,355,261,210,463,585,310,373,2014
549,44,355,478,210,439,296,363,552,2014
550,2,355,478,210,479,366,406,737,2014
551,3,355,478,210,481,497,406,737,2014
552,43,246,360,210,624,526,609,373,2014
553,4,355,478,210,419,659,609,170,2014
554,27,355,478,210,447,590,800,552,2014
555,33,355,306,210,764,531,310,307,2014
556,1,353,478,210,600,388,406,259,2014
557,24,355,478,210,505,453,406,552,2014
558,4,355,478,210,493,413,310,737,2014
559,172,286,357,210,638,430,800,552,2014
560,26,355,254,210,523,881,609,170,2014
561,1,103,205,210,892,850,800,737,2014
562,25,355,478,210,492,404,310,426,2014
563,44,106,335,210,710,651,406,737,2014
564,1,355,478,210,572,528,406,426,2014
565,6,204,478,210,369,438,609,637,2014
566,26,355,478,210,394,408,363,481,2014
567,28,355,478,210,436,750,493,737,2014
568,27,355,201,210,499,705,800,737,2014
569,6,153,308,210,536,846,609,227,2014
570,34,355,211,210,694,648,493,373,2014
571,27,355,478,210,389,667,493,481,2014
572,13,355,478,210,510,238,363,552,2014
573,35,355,478,210,586,589,406,149,2014
574,7,355,201,210,501,966,800,426,2014
575,29,355,478,210,544,598,609,737,2014
576,8,355,206,210,532,928,406,280,2014
577,45,355,437,210,534,425,493,426,2014
578,30,355,478,210,595,407,609,737,2014
579,31,355,478,210,464,773,800,181,2014
580,17,355,478,210,437,465,493,426,2014
581,36,355,324,210,585,564,493,338,2014
582,4,355,478,210,569,828,609,737,2014
583,32,355,478,210,514,536,800,552,2014
584,37,355,199,210,846,710,493,373,2014
585,5,355,478,210,418,632,406,552,2014
586,173,355,478,210,616,431,363,481,2014
587,1,355,150,210,902,550,406,637,2014
588,28,355,294,210,500,915,800,737,2014
589,38,355,478,210,697,608,493,481,2014
590,174,355,478,210,796,549,609,552,2014
591,175,191,478,210,571,518,800,552,2014
592,9,355,478,210,458,420,310,737,2014
593,5,355,384,210,606,633,363,426,2014
594,39,355,316,210,646,682,609,204,2014
595,7,355,478,210,357,582,800,737,2014
596,176,355,259,210,671,602,363,481,2014
597,33,355,478,210,490,569,609,737,2014
598,2,355,478,210,668,517,493,552,2014
599,29,355,166,210,592,928,493,373,2014
600,4,355,478,210,593,597,609,307,2014
601,21,355,478,210,896,934,609,121,2014
602,2,255,337,210,681,580,609,737,2014
603,40,355,478,210,574,707,609,227,2014
604,177,341,478,210,699,320,493,552,2014
605,14,355,478,210,457,733,493,552,2014
606,178,355,229,210,731,610,800,737,2014
607,8,143,312,210,830,713,609,637,2014
608,15,355,478,210,461,278,609,737,2014
609,5,355,233,210,597,557,493,481,2014
610,30,355,478,210,653,837,493,737,2014
611,10,355,307,210,845,846,609,737,2014
612,16,355,478,210,462,389,406,426,2014
613,17,355,459,210,556,678,609,637,2014
614,13,355,227,210,605,861,609,737,2014
615,22,355,387,210,543,770,609,481,2014
616,179,355,478,210,907,806,493,737,2014
617,28,355,435,210,710,581,800,737,2014
618,34,355,478,210,617,643,800,737,2014
619,23,355,478,210,472,561,493,307,2014
620,18,355,423,210,558,558,363,737,2014
621,180,355,478,210,608,339,609,737,2014
622,29,236,478,143,615,480,609,481,2014
623,181,142,478,210,993,753,609,737,2014
624,46,281,478,180,718,343,493,737,2014
625,18,355,478,210,470,543,493,373,2014
626,6,355,478,210,515,616,406,737,2014
627,22,355,478,210,496,742,310,737,2014
628,5,355,448,210,552,575,609,637,2014
629,24,355,478,210,598,798,800,227,2014
630,47,355,478,210,613,301,800,637,2014
631,5,355,478,210,485,674,406,552,2014
632,5,355,478,210,506,515,609,552,2014
633,182,355,478,210,664,445,493,426,2014
634,45,207,478,210,541,369,609,481,2014
635,8,355,364,210,405,692,609,737,2014
636,19,355,439,210,559,446,800,737,2014
637,183,355,204,210,696,866,493,737,2014
638,184,355,478,210,640,399,406,373,2014
639,185,355,213,210,931,864,406,737,2014
640,48,355,478,210,759,697,310,637,2014
641,19,355,478,210,521,358,800,552,2014
642,186,355,478,210,502,484,363,637,2014
643,7,355,478,210,622,673,800,481,2014
644,187,269,478,210,943,599,406,204,2014
645,49,355,478,210,792,390,609,637,2014
646,188,355,478,210,748,593,406,552,2014
647,5,355,478,210,813,724,310,552,2014
648,6,167,478,210,498,938,493,737,2014
649,23,355,239,210,758,910,800,481,2014
650,20,355,478,210,575,646,493,552,2014
651,30,214,478,210,524,541,800,737,2014
652,41,355,478,210,599,519,493,338,2014
653,3,257,197,210,722,881,609,552,2014
654,42,355,478,210,648,664,493,426,2014
655,3,355,478,210,636,636,406,737,2014
656,11,355,478,210,820,771,406,737,2014
657,24,355,478,210,563,596,800,737,2014
658,43,355,478,210,655,721,493,373,2014
659,189,355,353,210,649,373,406,737,2014
660,21,355,478,210,657,797,800,227,2014
661,190,235,326,210,745,654,800,426,2014
662,31,355,478,210,854,624,800,637,2014
663,50,355,478,210,635,535,406,737,2014
664,8,355,478,210,471,462,493,737,2014
665,191,355,366,210,936,613,310,373,2014
666,44,355,478,210,929,823,609,280,2014
667,11,237,285,210,746,927,363,737,2014
668,2,355,478,117,799,640,800,159,2014
669,31,355,478,210,716,774,609,737,2014
670,192,355,272,210,784,540,800,481,2014
671,25,355,457,210,534,546,406,737,2014
672,32,355,431,210,477,614,800,481,2014
673,3,355,478,210,660,586,406,552,2014
674,193,355,478,210,820,759,609,737,2014
675,194,355,478,210,717,622,406,426,2014
676,35,355,478,210,685,600,609,737,2014
677,195,355,412,210,619,457,800,737,2014
678,6,355,478,210,591,922,609,637,2014
679,6,355,478,210,590,641,363,338,2014
680,36,355,478,210,577,763,800,737,2014
681,196,355,478,210,494,514,493,637,2014
682,32,188,478,210,684,503,609,481,2014
683,7,355,478,210,352,655,493,552,2014
684,45,355,478,154,800,788,800,552,2014
685,33,355,405,210,619,974,800,259,2014
686,197,355,478,210,855,498,609,737,2014
687,8,355,373,210,738,645,493,481,2014
688,4,333,478,210,695,748,310,737,2014
689,33,355,478,210,672,783,609,737,2014
690,46,355,323,210,659,736,609,737,2014
691,198,355,478,210,625,553,800,373,2014
692,22,355,478,210,570,786,406,481,2014
693,51,355,375,210,656,458,609,737,2014
694,47,355,478,210,894,621,609,552,2014
695,37,355,478,210,632,607,406,637,2014
696,9,225,230,210,754,952,800,737,2014
697,7,355,363,210,587,448,609,552,2014
698,9,355,478,210,724,686,609,552,2014
699,52,355,355,210,533,544,609,552,2014
700,34,355,478,210,432,381,609,552,2014
701,38,355,478,210,666,639,800,737,2014
702,199,329,478,210,756,422,406,373,2014
703,53,355,381,210,602,601,609,552,2014
704,200,355,216,210,909,791,800,737,2014
705,54,355,478,210,497,778,609,637,2014
706,46,355,478,210,652,483,800,737,2014
707,55,355,331,210,839,879,493,338,2014
708,23,355,478,210,682,878,609,637,2014
709,9,355,309,210,816,892,609,737,2014
710,35,355,243,210,852,938,406,637,2014
711,9,355,478,210,746,629,800,552,2014
712,4,355,478,198,651,765,800,552,2014
713,36,355,478,210,466,799,800,737,2014
714,24,355,478,210,634,529,406,552,2014
715,37,355,420,210,786,974,609,259,2014
716,201,355,390,210,782,592,609,338,2014
717,202,258,478,210,876,496,800,737,2014
718,203,355,411,210,686,676,800,481,2014
719,47,355,478,210,780,668,609,737,2014
720,204,355,361,210,883,522,406,552,2014
721,48,355,478,210,823,712,609,737,2014
722,38,355,478,210,508,925,609,637,2014
723,20,355,280,210,663,795,800,426,2014
724,56,355,478,210,744,421,609,737,2014
725,10,355,478,210,686,683,493,552,2014
726,49,355,478,210,706,510,800,737,2014
727,205,355,264,210,749,671,493,637,2014
728,39,355,478,210,733,574,609,737,2014
729,25,355,478,210,596,637,406,481,2014
730,26,355,478,210,769,584,800,307,2014
731,39,355,478,210,833,952,250,481,2014
732,1,355,478,210,709,625,493,737,2014
733,206,355,478,210,886,443,800,737,2014
734,50,355,478,210,805,834,609,338,2014
735,57,355,334,210,804,717,609,737,2014
736,207,247,383,210,825,606,800,737,2014
737,21,355,478,210,658,447,493,737,2014
738,58,355,478,210,940,895,493,259,2014
739,34,355,478,210,998,363,609,737,2014
740,40,355,478,210,518,809,609,552,2014
741,2,355,476,210,546,523,406,737,2014
742,2,355,478,210,667,567,800,737,2014
743,51,355,478,210,719,735,609,307,2014
744,52,355,478,210,858,895,406,481,2014
745,53,355,478,210,945,760,609,737,2014
746,208,155,478,210,692,772,800,737,2014
747,209,355,478,210,683,658,609,426,2014
748,210,355,478,210,791,571,493,737,2014
749,1,171,478,210,519,974,800,737,2014
750,35,355,478,210,829,486,493,737,2014
751,40,355,478,210,794,920,493,737,2014
752,54,355,478,210,765,463,493,552,2014
753,211,355,314,210,949,560,406,552,2014
754,9,340,478,210,831,631,800,637,2014
755,2,322,478,210,549,572,406,307,2014
756,55,355,478,210,975,711,609,637,2014
757,27,355,430,210,675,966,800,280,2014
758,41,355,478,210,566,816,406,737,2014
759,48,355,478,210,910,587,800,737,2014
760,56,355,478,210,981,727,800,737,2014
761,41,355,478,210,281,308,800,637,2014
762,57,355,478,210,760,719,609,481,2014
763,28,355,478,210,623,726,609,737,2014
764,10,355,478,210,789,814,609,481,2014
765,58,355,478,210,773,757,800,481,2014
766,212,355,305,210,943,966,800,552,2014
767,213,355,478,210,966,739,800,307,2014
768,25,355,478,210,828,902,800,227,2014
769,36,193,478,210,626,801,609,552,2014
770,29,355,478,210,631,754,609,552,2014
771,3,336,478,210,698,793,406,737,2014
772,59,355,478,210,912,635,609,426,2014
773,4,355,388,210,641,858,363,637,2014
774,10,355,478,210,562,854,800,552,2014
775,60,140,478,210,846,866,609,373,2014
776,26,355,454,210,768,966,800,227,2014
777,12,355,478,210,865,642,493,426,2014
778,3,355,478,210,932,897,800,159,2014
779,37,355,478,210,517,681,609,481,2014
780,38,144,478,210,957,563,609,737,2014
781,61,259,478,210,924,690,609,280,2014
782,42,355,478,210,641,725,609,307,2014
783,214,355,478,210,934,416,609,552,2014
784,26,355,478,210,679,907,800,373,2014
785,42,355,478,210,662,685,493,637,2014
786,62,355,478,210,972,852,800,259,2014
787,63,355,310,210,775,948,609,280,2014
788,5,355,461,210,751,723,493,737,2014
789,39,355,478,210,735,689,406,481,2014
790,43,355,400,210,589,910,800,259,2014
791,11,355,478,210,453,897,800,737,2014
792,40,350,478,210,689,720,609,280,2014
793,215,355,365,210,907,653,609,737,2014
794,5,355,478,210,757,578,493,637,2014
795,41,355,478,210,803,767,363,481,2014
796,216,323,478,210,779,768,406,481,2014
797,3,355,478,210,704,452,800,426,2014
798,12,355,478,210,475,680,800,737,2014
799,49,355,478,210,753,665,609,637,2014
800,59,355,478,210,818,562,493,481,2014
801,27,355,240,210,987,920,800,737,2014
802,1,310,473,176,701,729,609,737,2014
803,30,355,478,210,547,745,493,426,2014
804,4,355,478,210,771,559,609,481,2014
805,13,355,478,210,542,888,493,552,2014
806,60,355,341,210,851,755,609,481,2014
807,3,355,230,210,954,938,800,737,2014
808,6,355,478,210,734,822,406,737,2014
809,1,280,478,210,448,702,493,737,2014
810,43,355,478,210,835,675,609,637,2014
811,5,238,478,210,714,758,800,552,2014
812,11,355,367,210,970,703,800,737,2014
813,217,355,478,210,926,928,406,227,2014
814,31,355,478,210,806,948,609,481,2014
815,44,355,302,210,705,871,609,637,2014
816,45,355,478,210,601,959,609,637,2014
817,61,355,442,210,919,679,800,481,2014
818,46,355,463,210,725,778,800,637,2014
819,6,355,478,210,807,959,493,280,2014
820,7,215,478,210,1000,716,800,552,2014
821,27,355,478,210,707,850,609,338,2014
822,62,205,478,210,827,551,493,737,2014
823,218,355,478,210,794,845,800,737,2014
824,47,355,478,210,618,800,609,737,2014
825,63,355,478,210,860,841,800,552,2014
826,1,234,478,210,798,874,406,737,2014
827,28,355,478,210,889,740,609,338,2014
828,44,355,478,210,939,781,800,552,2014
829,28,355,478,210,751,863,800,338,2014
830,64,355,478,210,925,788,800,426,2014
831,29,355,329,210,719,784,800,552,2014
832,29,355,478,210,778,826,800,373,2014
833,2,355,478,210,588,938,493,737,2014
834,30,355,478,210,676,775,609,280,2014
835,219,303,368,210,992,669,800,637,2014
836,22,355,478,210,812,492,800,737,2014
837,31,355,478,210,918,974,800,194,2014
838,1,326,478,210,790,728,609,737,2014
839,2,355,478,210,866,810,609,552,2014
840,65,355,281,210,870,884,493,426,2014
841,45,355,478,210,740,605,800,737,2014
842,48,355,436,210,777,699,609,552,2014
843,42,284,478,210,832,833,609,637,2014
844,220,355,391,210,897,817,609,737,2014
845,8,355,478,210,754,856,493,637,2014
846,49,355,290,210,855,880,800,481,2014
847,221,355,478,210,864,704,406,737,2014
848,32,355,478,210,738,698,800,637,2014
849,3,355,478,210,603,903,800,737,2014
850,66,355,478,210,887,657,609,552,2014
851,43,355,478,210,824,805,800,552,2014
852,9,355,300,210,783,922,609,737,2014
853,222,355,478,210,959,699,363,737,2014
854,30,355,478,210,912,829,493,637,2014
855,14,355,478,210,760,987,800,737,2014
856,7,355,478,210,788,782,609,737,2014
857,15,355,345,210,721,890,493,737,2014
858,67,355,318,210,912,603,493,637,2014
859,23,355,478,210,690,959,800,637,2014
860,68,355,478,210,966,901,609,637,2014
861,50,355,478,203,741,493,800,637,2014
862,6,355,478,210,963,834,800,373,2014
863,69,355,478,210,879,761,800,737,2014
864,223,355,478,210,883,842,800,737,2014
865,50,355,478,210,810,987,800,227,2014
866,24,355,478,210,613,696,493,426,2014
867,224,355,478,210,936,849,609,552,2014
868,13,355,478,210,879,853,609,637,2014
869,70,355,478,210,927,831,800,307,2014
870,51,355,478,210,703,824,800,481,2014
871,3,355,478,210,838,706,609,737,2014
872,46,355,478,210,844,804,800,637,2014
873,71,355,478,210,952,819,609,426,2014
874,225,355,478,210,935,647,800,426,2014
875,33,355,478,210,729,871,800,637,2014
876,72,355,478,210,965,738,800,737,2014
877,52,355,478,210,873,922,800,552,2014
878,5,233,478,210,665,762,800,481,2014
879,6,355,340,210,973,860,493,481,2014
880,12,355,478,210,853,691,609,637,2014
881,34,355,478,210,863,793,800,373,2014
882,226,355,478,210,848,701,800,737,2014
883,53,355,478,210,691,570,609,481,2014
884,31,355,478,210,899,746,609,552,2014
885,35,355,478,210,871,888,609,637,2014
886,54,355,458,210,974,938,800,737,2014
887,44,355,478,210,661,472,800,552,2014
888,73,355,478,210,922,693,609,637,2014
889,45,355,478,210,743,509,609,637,2014
890,51,355,478,210,877,714,406,737,2014
891,1,355,478,210,915,708,609,737,2014
892,64,355,478,210,966,859,406,737,2014
893,16,355,478,210,610,974,800,737,2014
894,10,355,450,210,785,777,800,737,2014
895,46,355,478,210,834,644,800,481,2014
896,55,355,478,210,674,766,800,637,2014
897,3,355,478,210,713,818,609,737,2014
898,11,355,478,210,608,959,800,737,2014
899,17,355,317,210,774,934,800,737,2014
900,8,355,478,210,742,952,609,737,2014
901,2,355,297,210,882,748,609,737,2014
902,36,355,478,210,932,864,493,426,2014
903,9,355,478,210,817,820,493,737,2014
904,14,355,478,210,871,987,493,737,2014
905,32,355,478,210,904,952,800,373,2014
906,25,355,478,210,693,591,609,737,2014
907,56,355,425,210,797,966,800,737,2014
908,52,355,478,210,949,885,493,737,2014
909,53,355,478,210,841,628,800,737,2014
910,26,355,478,210,911,694,609,737,2014
911,15,355,478,210,857,938,800,737,2014
912,57,355,478,210,969,751,609,737,2014
913,227,355,478,210,903,840,800,737,2014
914,6,344,478,210,732,812,800,737,2014
915,37,355,478,210,669,959,800,307,2014
916,3,147,478,210,875,910,609,737,2014
917,58,355,478,210,672,715,800,737,2014
918,7,355,478,210,879,839,493,552,2014
919,12,355,414,210,985,974,800,737,2014
920,54,355,330,210,988,952,800,373,2014
921,59,264,478,210,760,875,609,737,2014
922,8,355,443,210,771,900,800,737,2014
923,228,355,478,210,957,576,800,338,2014
924,1,355,478,210,983,821,800,426,2014
925,13,355,478,210,688,934,800,737,2014
926,7,355,478,210,867,974,609,737,2014
927,47,355,478,210,938,886,609,737,2014
928,18,355,376,210,869,987,800,737,2014
929,14,355,478,210,730,787,800,737,2014
930,38,355,478,210,959,966,800,737,2014
931,33,355,478,210,942,950,800,552,2014
932,60,355,478,210,680,747,609,552,2014
933,1,355,478,210,940,744,800,737,2014
934,10,355,478,210,948,914,800,737,2014
935,61,355,478,210,775,974,800,737,2014
936,39,355,478,210,959,803,800,552,2014
937,40,355,478,210,947,899,800,426,2014
938,4,355,478,210,722,904,609,737,2014
939,27,355,478,210,916,552,493,637,2014
940,15,355,478,210,765,883,800,373,2014
941,62,355,478,210,836,959,800,280,2014
942,63,355,478,210,800,844,609,481,2014
943,64,355,478,210,737,932,800,637,2014
944,8,355,478,210,897,868,800,373,2014
945,65,355,393,210,893,918,800,737,2014
946,66,355,478,210,928,907,800,737,2014
947,67,355,417,210,628,987,800,737,2014
948,47,355,478,210,977,868,609,481,2014
949,74,355,478,210,995,439,609,737,2014
950,19,355,478,210,750,987,609,737,2014
951,2,254,478,210,963,950,800,737,2014
952,20,355,478,210,894,974,800,737,2014
953,1,355,478,210,802,887,609,737,2014
954,9,355,478,210,815,843,609,737,2014
955,68,355,478,210,873,737,800,637,2014
956,5,355,478,210,860,952,609,737,2014
957,1,321,478,210,837,776,609,737,2014
958,3,355,478,210,978,974,609,737,2014
959,6,355,478,210,769,952,609,737,2014
960,69,355,478,210,971,987,800,280,2014
961,48,355,478,210,840,938,493,737,2014
962,7,355,478,210,951,826,800,737,2014
963,5,355,478,210,994,871,800,737,2014
964,16,355,478,210,826,806,800,737,2014
965,4,355,478,210,891,848,609,737,2014
966,55,355,478,210,849,831,800,737,2014
967,17,355,478,210,981,856,609,737,2014
968,70,355,478,210,923,915,800,737,2014
969,229,355,478,210,962,815,800,737,2014
970,34,355,478,210,997,938,609,552,2014
971,4,355,478,210,984,938,493,481,2014
972,32,355,478,210,813,966,609,637,2014
973,71,355,478,210,946,830,800,737,2014
974,21,355,478,210,978,891,800,737,2014
975,72,355,478,210,919,987,800,552,2014
976,7,355,478,210,811,987,800,737,2014
977,1,355,478,210,999,778,609,737,2014
978,4,355,478,210,976,811,800,737,2014
979,49,355,478,210,988,987,800,737,2014
980,73,355,478,210,888,974,800,373,2014
981,74,355,478,210,917,987,800,637,2014
982,75,355,478,210,849,709,800,737,2014
983,18,355,478,210,952,904,609,737,2014
984,41,355,478,210,859,836,800,737,2014
985,76,355,478,210,809,938,609,637,2014
986,77,313,478,210,919,974,800,637,2014
987,78,355,478,210,787,894,800,737,2014
988,79,355,478,210,885,907,800,737,2014
989,22,355,478,210,929,974,800,737,2014
990,80,355,478,210,900,862,800,737,2014
991,81,355,478,210,905,932,800,737,2014
992,4,355,470,210,843,688,609,637,2014
993,8,355,478,210,822,987,493,737,2014
994,23,355,478,210,878,987,800,737,2014
995,50,355,478,210,990,918,800,637,2014
996,24,355,478,210,901,934,800,737,2014
997,25,355,478,210,867,987,800,737,2014
998,82,355,478,210,956,965,800,737,2014
999,83,355,478,210,860,973,800,637,2014
1000,84,355,478,210,890,790,800,737,2014
1,1,1,1,1,1,1,1,3,2015
2,2,9,2,4,5,3,3,10,2015
3,3,3,11,2,15,2,2,1,2015
4,1,2,10,5,11,6,12,48,2015
5,2,7,13,10,7,12,7,15,2015
6,4,13,6,9,13,13,11,4,2015
7,5,5,21,6,10,4,4,29,2015
8,6,11,14,8,17,16,12,141,2015
9,7,4,15,3,72,25,24,225,2015
10,8,12,18,14,24,15,25,11,2015
11,9,10,26,11,18,8,35,49,2015
12,10,6,328,7,53,9,19,13,2015
13,1,16,3,38,14,19,31,7,2015
14,11,20,4,28,8,18,14,14,2015
15,12,28,27,13,6,14,8,9,2015
16,13,18,84,16,4,11,5,2,2015
17,2,22,16,24,30,42,88,16,2015
18,14,32,22,18,47,29,46,43,2015
19,15,24,17,140,3,20,6,12,2015
20,1,17,64,17,44,27,39,57,2015
21,16,36,567,19,16,5,15,17,2015
22,17,163,12,104,27,34,27,42,2015
23,1,15,164,15,120,97,368,35,2015
24,1,367,9,218,36,163,146,6,2015
25,18,29,29,34,21,24,22,27,2015
26,19,367,567,20,22,7,15,56,2015
27,3,21,447,27,12,22,15,67,2015
28,20,74,31,56,19,23,15,33,2015
29,21,49,567,12,372,28,115,289,2015
30,22,75,36,25,48,50,26,38,2015
31,23,48,103,41,9,10,10,40,2015
32,1,70,51,32,2,17,9,145,2015
33,24,33,75,21,40,48,42,65,2015
34,3,284,5,218,309,246,368,80,2015
35,4,90,82,30,19,26,23,47,2015
36,1,98,7,216,327,314,234,172,2015
37,2,8,502,54,379,157,645,871,2015
38,4,288,8,218,406,389,368,248,2015
39,2,19,567,22,246,63,234,45,2015
40,25,124,69,86,32,32,19,41,2015
41,26,209,20,126,94,74,88,97,2015
42,2,34,37,75,33,53,44,132,2015
43,27,55,33,47,75,95,68,28,2015
44,28,40,19,218,246,167,136,63,2015
45,5,46,39,75,50,58,182,18,2015
46,29,79,169,218,25,57,21,50,2015
47,30,230,44,62,49,43,28,92,2015
48,31,63,130,63,23,40,31,59,2015
49,32,96,87,82,28,52,31,44,2015
50,33,91,40,37,100,66,46,61,2015
51,34,152,62,39,57,64,101,34,2015
52,35,101,96,71,41,21,29,169,2015
53,36,54,227,59,29,33,35,62,2015
54,37,80,67,31,96,38,45,133,2015
55,5,44,127,33,54,37,65,228,2015
56,1,182,38,218,52,131,182,20,2015
57,1,92,25,218,46,223,182,695,2015
58,3,26,393,26,73,86,115,324,2015
59,1,14,175,48,268,254,287,861,2015
60,38,214,276,96,37,73,46,5,2015
61,39,25,160,23,211,225,78,165,2015
62,3,81,275,93,26,36,37,81,2015
63,4,30,404,88,31,35,68,87,2015
64,40,133,280,29,111,59,46,77,2015
65,1,367,98,218,34,125,78,25,2015
66,41,303,54,83,60,45,37,135,2015
67,6,99,92,72,43,70,29,142,2015
68,42,139,55,87,74,39,31,235,2015
69,43,87,94,110,55,62,59,51,2015
70,44,97,105,67,97,65,101,19,2015
71,1,149,567,36,51,54,52,743,2015
72,45,68,210,43,58,47,39,280,2015
73,6,41,170,218,68,127,115,22,2015
74,1,117,149,64,38,31,59,432,2015
75,46,59,567,35,131,30,78,173,2015
76,1,38,402,51,69,61,46,243,2015
77,47,221,24,155,242,242,182,352,2015
78,2,309,73,218,63,158,65,30,2015
79,2,42,129,92,66,55,53,167,2015
80,48,135,60,218,107,152,78,36,2015
81,49,72,53,113,114,118,68,64,2015
82,1,367,202,218,35,92,53,74,2015
83,50,64,43,73,121,67,76,200,2015
84,51,367,146,116,67,60,93,55,2015
85,1,367,46,189,87,147,53,227,2015
86,3,77,107,50,98,117,136,39,2015
87,2,84,199,115,39,44,59,429,2015
88,1,105,198,166,45,103,46,75,2015
89,52,227,567,44,78,51,68,162,2015
90,53,367,567,80,93,72,42,71,2015
91,2,367,74,116,124,114,39,58,2015
92,3,35,191,42,122,77,115,321,2015
93,2,141,113,218,42,68,53,223,2015
94,7,27,190,114,76,116,101,188,2015
95,54,60,48,182,166,160,93,84,2015
96,4,115,389,85,56,46,68,137,2015
97,55,367,455,66,143,85,76,21,2015
98,2,367,45,218,140,326,321,23,2015
99,1,53,286,40,106,134,101,302,2015
100,7,367,49,218,152,182,264,37,2015
101,3,37,118,177,104,90,128,119,2015
102,56,339,108,46,77,98,88,201,2015
103,3,269,292,142,65,78,101,68,2015
104,5,278,23,169,977,834,812,871,2015
105,57,50,215,195,137,106,59,111,2015
106,58,134,35,178,180,143,161,178,2015
107,4,169,151,153,62,109,82,116,2015
108,3,120,567,102,82,94,53,260,2015
109,8,170,50,128,169,169,136,52,2015
110,4,313,193,196,64,96,68,316,2015
111,1,56,551,111,80,79,88,420,2015
112,1,67,205,45,83,166,212,312,2015
113,59,159,34,218,298,321,321,122,2015
114,5,109,317,212,70,88,93,282,2015
115,3,367,58,218,172,411,321,26,2015
116,1,367,226,218,61,108,93,215,2015
117,2,136,466,169,85,135,53,871,2015
118,60,112,162,218,88,123,65,136,2015
119,2,123,329,147,84,149,68,90,2015
120,61,52,161,95,255,150,59,76,2015
121,62,367,567,218,113,41,101,199,2015
122,2,310,165,106,91,81,101,154,2015
123,8,194,196,74,92,69,82,335,2015
124,3,73,321,70,95,75,93,871,2015
125,9,39,322,53,138,140,146,78,2015
126,4,199,30,105,221,300,321,797,2015
127,63,367,567,140,135,110,128,72,2015
128,9,234,89,218,123,144,82,402,2015
129,6,367,385,218,79,120,68,871,2015
130,4,177,70,218,90,177,101,157,2015
131,6,127,567,68,105,56,115,483,2015
132,1,297,71,218,59,186,136,710,2015
133,5,367,41,218,149,208,234,261,2015
134,7,128,274,218,89,119,93,410,2015
135,2,367,567,218,102,361,212,32,2015
136,4,45,180,55,186,221,161,88,2015
137,64,367,241,218,159,130,82,73,2015
138,65,186,567,58,173,84,93,96,2015
139,66,367,159,218,250,151,59,313,2015
140,10,131,109,84,116,176,146,138,2015
141,67,233,296,167,103,83,115,121,2015
142,68,179,28,218,624,655,368,824,2015
143,69,367,567,218,160,71,161,101,2015
144,4,367,194,218,183,283,368,8,2015
145,5,277,145,218,86,136,182,99,2015
146,70,367,567,218,141,124,128,130,2015
147,4,76,548,128,109,80,234,461,2015
148,11,329,95,218,115,133,101,334,2015
149,1,61,32,172,442,237,321,291,2015
150,6,222,268,163,127,156,101,222,2015
151,7,320,376,218,101,111,101,540,2015
152,12,65,158,205,117,165,146,170,2015
153,5,291,567,108,108,82,161,471,2015
154,71,175,567,100,243,49,115,183,2015
155,6,148,134,193,156,104,182,98,2015
156,7,69,490,103,142,122,146,226,2015
157,72,188,86,218,150,171,128,263,2015
158,8,58,249,65,153,107,146,341,2015
159,73,265,83,218,249,244,128,124,2015
160,5,83,363,60,167,100,136,486,2015
161,13,62,157,218,133,141,136,265,2015
162,9,314,136,135,147,126,101,677,2015
163,3,173,110,69,236,214,101,148,2015
164,74,367,492,218,187,190,125,79,2015
165,5,367,567,218,285,355,212,24,2015
166,75,367,567,128,184,115,125,144,2015
167,8,367,123,218,145,180,101,778,2015
168,5,129,79,187,202,89,88,839,2015
169,2,281,567,218,99,105,182,351,2015
170,1,287,128,218,139,204,128,205,2015
171,76,200,567,218,195,91,161,128,2015
172,3,162,441,182,118,189,212,438,2015
173,14,142,209,196,129,137,136,179,2015
174,3,351,510,202,220,230,161,46,2015
175,77,367,567,218,125,112,197,180,2015
176,10,111,219,89,179,155,212,328,2015
177,11,43,171,176,174,146,264,299,2015
178,10,279,277,135,148,173,287,53,2015
179,6,196,379,52,130,99,197,415,2015
180,3,335,143,218,81,267,212,198,2015
181,78,367,567,218,223,170,82,100,2015
182,7,71,567,49,191,145,264,269,2015
183,79,367,567,80,296,76,234,143,2015
184,80,367,42,218,310,257,511,156,2015
185,1,338,78,200,289,233,115,153,2015
186,6,102,423,218,235,101,115,683,2015
187,81,286,186,109,151,178,82,339,2015
188,8,195,567,218,110,93,234,160,2015
189,82,367,183,218,189,258,125,117,2015
190,83,367,418,218,233,251,197,70,2015
191,4,367,309,218,71,290,368,106,2015
192,6,367,168,218,286,471,368,31,2015
193,9,223,163,218,171,194,212,496,2015
194,84,250,88,98,222,226,161,150,2015
195,5,367,203,218,112,252,368,123,2015
196,85,228,91,218,212,161,161,127,2015
197,12,367,132,201,204,138,146,421,2015
198,86,93,188,172,181,132,234,82,2015
199,15,176,179,207,154,172,128,377,2015
200,7,184,526,213,163,128,93,433,2015
201,16,321,218,143,178,153,146,193,2015
202,87,192,56,218,301,227,264,326,2015
203,88,367,541,218,126,196,287,129,2015
204,13,231,554,218,176,202,146,361,2015
205,14,113,421,174,170,192,136,192,2015
206,9,218,451,218,119,87,182,230,2015
207,10,367,567,218,132,121,234,151,2015
208,4,350,348,218,136,281,212,354,2015
209,17,147,319,218,226,175,212,255,2015
210,15,367,567,218,188,212,146,102,2015
211,7,367,225,218,194,317,161,69,2015
212,18,367,222,218,192,159,234,365,2015
213,16,356,208,131,193,280,146,103,2015
214,89,247,567,218,209,113,161,194,2015
215,17,193,487,198,232,183,161,310,2015
216,7,156,306,145,146,181,368,399,2015
217,11,203,567,218,177,142,287,455,2015
218,90,296,259,218,168,193,197,186,2015
219,91,212,141,159,198,191,212,356,2015
220,2,100,479,116,162,356,212,168,2015
221,5,315,450,163,206,278,197,613,2015
222,10,157,93,155,261,308,212,175,2015
223,1,191,185,101,231,154,161,671,2015
224,12,289,462,169,165,129,146,511,2015
225,8,367,567,218,185,354,234,281,2015
226,2,367,52,218,164,485,812,436,2015
227,92,319,117,218,196,187,197,449,2015
228,2,86,68,214,215,309,368,256,2015
229,11,292,273,218,207,270,182,140,2015
230,18,357,238,131,197,359,182,158,2015
231,4,367,264,97,283,325,115,236,2015
232,93,251,228,218,157,206,182,161,2015
233,19,367,567,194,210,185,161,523,2015
234,94,367,567,218,314,229,197,315,2015
235,20,106,391,168,216,179,287,369,2015
236,13,367,567,218,158,102,321,514,2015
237,6,257,294,116,217,197,136,871,2015
238,2,241,112,218,288,285,128,278,2015
239,6,367,192,218,128,269,368,452,2015
240,19,367,567,218,258,139,197,385,2015
241,3,367,567,218,144,220,264,277,2015
242,20,178,567,218,354,200,161,216,2015
243,2,252,119,75,279,366,212,327,2015
244,7,342,362,218,134,358,234,164,2015
245,11,367,288,218,353,335,287,60,2015
246,21,367,567,159,300,294,264,736,2015
247,6,327,326,94,218,275,197,564,2015
248,2,104,126,146,319,236,234,268,2015
249,95,367,567,155,257,162,212,337,2015
250,2,23,339,218,949,605,812,839,2015
251,21,185,567,218,297,209,182,454,2015
252,96,367,334,218,200,184,136,411,2015
253,22,151,257,57,359,250,161,553,2015
254,97,158,567,218,333,334,161,502,2015
255,9,307,300,218,224,224,264,146,2015
256,98,283,152,218,201,264,234,181,2015
257,1,337,465,152,155,296,197,495,2015
258,99,367,233,218,362,338,287,91,2015
259,100,367,403,150,264,253,321,206,2015
260,101,189,239,218,263,148,161,389,2015
261,23,132,267,116,248,199,197,460,2015
262,12,202,567,107,230,255,212,213,2015
263,24,258,63,218,400,347,182,666,2015
264,102,367,47,218,615,542,511,534,2015
265,2,367,567,218,251,228,212,366,2015
266,1,235,419,218,253,260,234,125,2015
267,103,332,290,218,182,216,321,447,2015
268,7,331,459,218,175,324,234,792,2015
269,12,367,124,218,190,333,234,626,2015
270,1,238,560,116,228,238,182,636,2015
271,104,211,493,148,244,203,234,257,2015
272,105,324,144,218,365,299,264,258,2015
273,106,367,398,218,203,298,287,237,2015
274,107,51,342,78,549,195,428,249,2015
275,108,316,125,218,370,312,264,86,2015
276,10,293,512,175,214,168,234,477,2015
277,8,367,254,218,161,393,287,221,2015
278,22,367,471,131,290,231,321,594,2015
279,25,78,65,91,503,739,264,871,2015
280,5,110,567,218,294,301,161,506,2015
281,109,318,337,135,272,304,234,120,2015
282,110,137,142,218,402,346,182,210,2015
283,3,367,567,218,229,201,212,871,2015
284,13,322,155,218,254,274,264,275,2015
285,26,360,314,199,273,207,287,422,2015
286,14,367,137,218,280,247,264,384,2015
287,7,367,567,218,275,198,212,871,2015
288,23,367,498,218,287,282,321,348,2015
289,111,31,187,218,680,422,511,358,2015
290,13,367,567,218,304,287,428,112,2015
291,112,367,567,218,445,376,197,254,2015
292,24,367,567,218,322,245,287,308,2015
293,27,210,444,116,205,239,161,234,2015
294,4,367,470,218,208,348,264,548,2015
295,8,273,473,218,227,360,212,528,2015
296,25,367,235,218,236,235,368,797,2015
297,113,367,567,218,337,284,321,659,2015
298,114,367,484,218,338,405,368,105,2015
299,14,354,567,218,291,265,234,297,2015
300,115,367,299,185,262,367,146,649,2015
301,1,367,200,218,245,416,428,871,2015
302,26,326,567,208,281,266,511,364,2015
303,116,367,567,218,316,364,287,508,2015
304,5,367,460,218,225,256,321,443,2015
305,9,367,104,218,313,667,511,131,2015
306,3,367,66,218,520,503,321,219,2015
307,8,367,412,218,355,625,321,66,2015
308,2,94,316,90,266,380,264,405,2015
309,28,145,506,218,308,188,321,189,2015
310,9,367,567,218,540,538,368,54,2015
311,1,367,57,218,584,734,511,871,2015
312,6,367,567,218,265,307,234,372,2015
313,10,367,80,218,331,493,645,467,2015
314,117,165,207,218,278,262,234,456,2015
315,11,334,135,218,282,454,321,419,2015
316,27,82,172,218,399,369,511,376,2015
317,9,367,557,218,267,272,287,816,2015
318,28,367,303,218,302,241,287,522,2015
319,3,367,359,218,256,466,368,185,2015
320,14,95,240,116,368,271,321,301,2015
321,7,143,567,144,317,218,234,285,2015
322,2,125,116,218,305,330,645,295,2015
323,118,367,567,218,427,404,197,871,2015
324,119,198,256,218,357,288,368,397,2015
325,29,367,567,218,270,205,161,406,2015
326,120,367,97,218,557,363,197,386,2015
327,10,295,380,214,330,381,264,680,2015
328,29,367,567,218,260,263,321,457,2015
329,11,367,567,218,478,279,321,871,2015
330,12,367,567,218,299,402,234,537,2015
331,12,367,77,218,348,934,428,245,2015
332,121,270,177,218,292,215,197,458,2015
333,30,264,481,218,293,174,428,353,2015
334,1,282,546,218,199,219,368,486,2015
335,8,219,445,218,234,243,287,465,2015
336,31,206,567,179,349,211,146,500,2015
337,15,367,106,218,382,408,264,871,2015
338,6,367,76,218,578,722,511,645,2015
339,122,346,567,218,378,217,161,729,2015
340,32,367,567,218,554,476,368,648,2015
341,1,367,59,218,635,943,812,625,2015
342,13,367,443,218,395,286,287,616,2015
343,33,183,387,218,306,276,264,377,2015
344,14,367,567,116,375,332,428,642,2015
345,30,85,271,218,360,412,368,177,2015
346,31,304,567,217,329,249,428,271,2015
347,3,197,397,112,430,222,287,442,2015
348,11,367,347,186,306,549,321,279,2015
349,5,367,567,218,277,379,428,118,2015
350,123,367,150,218,383,240,234,474,2015
351,124,154,61,218,983,506,812,871,2015
352,16,367,567,218,321,328,234,853,2015
353,125,130,229,218,373,320,212,294,2015
354,4,367,166,218,259,764,511,329,2015
355,8,367,237,218,323,401,368,871,2015
356,4,367,567,218,386,327,321,320,2015
357,2,367,377,218,312,353,287,542,2015
358,32,367,567,218,332,357,264,309,2015
359,126,367,318,79,531,273,234,596,2015
360,127,367,85,218,611,459,321,809,2015
361,128,248,204,218,467,302,264,509,2015
362,17,367,567,218,284,303,368,381,2015
363,7,367,489,218,385,600,287,126,2015
364,129,367,261,202,458,293,428,286,2015
365,130,367,81,218,668,601,321,690,2015
366,2,367,567,218,374,388,321,861,2015
367,1,126,500,180,276,350,321,871,2015
368,18,367,483,218,325,277,146,445,2015
369,15,367,567,218,416,392,287,656,2015
370,8,367,330,218,371,576,368,85,2015
371,15,367,567,218,443,232,264,839,2015
372,33,367,375,218,392,434,428,367,2015
373,5,367,567,218,252,874,511,387,2015
374,34,66,344,218,376,457,368,330,2015
375,9,367,567,218,397,164,428,604,2015
376,1,343,139,218,446,310,645,396,2015
377,16,367,567,218,352,322,511,527,2015
378,131,367,567,218,401,311,321,333,2015
379,2,240,72,218,703,763,812,797,2015
380,132,367,301,131,334,234,428,298,2015
381,133,272,553,218,326,349,511,211,2015
382,17,367,567,218,390,305,287,468,2015
383,3,367,531,218,320,319,812,568,2015
384,10,367,547,218,405,589,511,109,2015
385,16,216,213,190,311,342,321,208,2015
386,3,367,206,218,240,651,428,871,2015
387,18,367,555,218,424,482,321,770,2015
388,134,180,567,165,411,374,212,531,2015
389,13,367,154,218,271,583,812,174,2015
390,11,367,567,218,462,509,645,107,2015
391,14,220,338,218,239,452,645,551,2015
392,15,367,567,218,473,352,645,272,2015
393,19,263,567,61,548,526,321,871,2015
394,135,367,501,218,381,386,511,159,2015
395,4,367,567,218,469,413,812,678,2015
396,15,57,567,218,363,492,428,755,2015
397,20,103,181,191,358,510,428,292,2015
398,10,367,564,218,339,516,428,104,2015
399,136,367,567,218,463,399,368,253,2015
400,16,367,282,218,219,626,645,242,2015
401,12,245,495,218,380,584,645,95,2015
402,9,361,311,218,367,426,428,871,2015
403,137,298,361,218,498,424,287,134,2015
404,3,367,567,218,295,575,511,197,2015
405,34,367,368,218,388,378,287,478,2015
406,3,47,250,218,621,574,645,816,2015
407,4,262,520,218,238,425,428,731,2015
408,12,367,511,218,343,511,368,288,2015
409,138,325,140,218,511,490,368,314,2015
410,17,367,244,218,241,847,645,375,2015
411,21,367,567,218,508,464,212,736,2015
412,139,239,153,218,447,648,428,303,2015
413,18,367,437,218,213,604,511,538,2015
414,140,367,567,98,450,371,264,526,2015
415,19,367,258,218,274,612,645,576,2015
416,10,146,567,218,393,268,428,871,2015
417,19,367,99,218,545,745,645,718,2015
418,16,367,567,218,361,343,368,267,2015
419,17,308,353,218,495,441,428,152,2015
420,20,153,115,218,346,480,645,373,2015
421,4,367,224,218,336,403,645,246,2015
422,13,367,567,218,507,774,812,83,2015
423,21,367,567,218,324,297,368,797,2015
424,141,367,567,218,482,418,368,481,2015
425,2,242,173,218,418,351,645,489,2015
426,35,367,360,218,364,398,234,673,2015
427,5,363,350,218,377,377,321,171,2015
428,142,312,101,218,901,522,511,760,2015
429,143,367,567,218,501,565,812,340,2015
430,17,144,567,188,328,520,428,345,2015
431,11,367,567,218,303,449,321,190,2015
432,22,367,567,218,435,474,368,709,2015
433,14,367,426,218,646,729,645,89,2015
434,15,367,567,218,633,673,645,93,2015
435,12,215,212,218,470,697,645,110,2015
436,3,367,430,218,426,431,368,195,2015
437,144,367,366,218,522,438,511,713,2015
438,22,367,131,218,366,783,511,444,2015
439,23,367,266,218,347,620,511,196,2015
440,13,367,567,218,386,505,645,155,2015
441,145,328,178,218,441,409,428,617,2015
442,5,367,297,218,526,439,511,679,2015
443,24,168,488,218,369,702,645,149,2015
444,146,367,102,218,715,543,511,871,2015
445,147,348,90,218,988,818,511,675,2015
446,23,367,482,218,420,365,287,712,2015
447,6,275,369,218,432,344,368,521,2015
448,3,367,332,218,315,537,511,239,2015
449,9,367,304,218,391,292,321,530,2015
450,35,364,567,218,443,591,511,325,2015
451,1,367,567,218,403,465,645,355,2015
452,16,367,401,218,398,488,428,147,2015
453,36,367,216,218,389,467,368,305,2015
454,148,367,364,218,542,382,264,708,2015
455,20,336,278,218,335,442,287,427,2015
456,24,367,356,218,438,463,368,741,2015
457,18,367,416,218,474,419,511,350,2015
458,1,89,567,116,559,444,287,724,2015
459,2,367,567,218,340,683,511,756,2015
460,149,205,174,218,590,472,812,224,2015
461,1,367,567,218,612,295,321,839,2015
462,2,118,562,150,409,462,428,716,2015
463,150,138,221,218,453,494,428,392,2015
464,36,367,567,218,480,375,511,774,2015
465,19,367,567,218,653,498,428,853,2015
466,151,367,230,218,534,316,321,380,2015
467,10,367,269,218,431,433,428,493,2015
468,20,367,285,218,527,514,511,238,2015
469,152,367,184,218,455,618,287,809,2015
470,1,367,120,218,550,879,511,871,2015
471,18,367,567,135,481,210,511,589,2015
472,37,367,236,218,497,676,511,667,2015
473,21,301,565,218,599,588,812,113,2015
474,22,108,414,218,484,536,321,374,2015
475,19,367,567,218,351,341,428,344,2015
476,153,367,567,218,580,461,511,482,2015
477,25,367,567,218,423,828,645,184,2015
478,4,367,148,218,562,397,368,539,2015
479,26,367,563,218,269,478,645,597,2015
480,154,274,114,218,784,713,511,861,2015
481,23,367,567,218,530,530,428,191,2015
482,1,367,567,218,669,888,428,94,2015
483,155,367,535,218,433,497,645,510,2015
484,14,366,408,218,342,675,428,276,2015
485,15,367,567,218,318,387,511,266,2015
486,24,299,214,218,614,607,645,233,2015
487,37,367,567,218,459,528,368,284,2015
488,156,367,435,153,448,213,368,490,2015
489,157,367,365,218,704,606,428,871,2015
490,38,367,567,218,475,337,368,614,2015
491,4,333,167,218,720,786,368,824,2015
492,39,367,485,218,434,507,368,250,2015
493,158,367,567,218,587,391,428,423,2015
494,11,367,567,218,408,496,812,322,2015
495,17,367,436,218,421,599,645,370,2015
496,27,367,100,218,965,936,812,715,2015
497,40,358,567,210,394,345,812,706,2015
498,2,367,138,218,572,877,428,274,2015
499,20,367,567,218,490,435,428,731,2015
500,25,367,567,218,600,390,511,634,2015
501,25,367,415,218,593,460,321,574,2015
502,21,367,567,218,454,421,321,853,2015
503,26,367,567,218,585,614,645,816,2015
504,1,367,567,218,341,415,321,507,2015
505,21,266,567,218,451,259,511,513,2015
506,38,305,253,162,602,557,511,524,2015
507,3,359,567,218,415,423,645,459,2015
508,159,367,567,218,824,724,368,615,2015
509,160,367,405,218,449,484,511,360,2015
510,161,229,248,218,516,491,511,871,2015
511,18,367,567,218,576,792,645,139,2015
512,26,107,567,218,643,453,645,247,2015
513,27,367,231,218,685,370,645,359,2015
514,28,367,567,218,350,689,645,624,2015
515,3,367,567,218,491,518,511,871,2015
516,162,367,567,155,756,446,511,660,2015
517,41,367,567,218,485,313,511,584,2015
518,28,88,217,135,909,865,645,440,2015
519,163,367,432,218,711,585,321,871,2015
520,42,367,567,218,457,331,321,603,2015
521,6,280,392,218,404,410,645,338,2015
522,164,367,567,218,508,851,428,611,2015
523,12,367,567,218,429,261,645,727,2015
524,29,367,567,218,613,291,645,871,2015
525,39,217,295,218,419,553,428,300,2015
526,4,367,425,218,417,521,428,207,2015
527,4,367,567,218,493,407,287,824,2015
528,27,367,567,218,452,545,812,559,2015
529,30,367,517,218,594,602,368,244,2015
530,29,367,121,218,542,937,511,408,2015
531,28,213,567,218,438,693,428,853,2015
532,2,367,567,218,476,372,368,861,2015
533,3,190,195,218,569,437,428,871,2015
534,5,367,147,218,523,943,812,317,2015
535,43,367,567,218,466,289,321,515,2015
536,44,367,567,218,486,629,511,388,2015
537,1,365,567,218,586,318,368,426,2015
538,22,367,133,218,764,912,812,658,2015
539,22,367,567,218,483,420,511,579,2015
540,40,367,567,218,564,306,428,556,2015
541,13,367,567,218,505,248,428,665,2015
542,5,367,567,218,345,517,511,824,2015
543,165,367,400,218,656,653,645,166,2015
544,6,367,211,218,412,682,511,871,2015
545,41,367,122,218,785,861,812,601,2015
546,166,367,567,218,752,622,812,719,2015
547,31,367,567,218,773,329,645,270,2015
548,23,367,111,218,995,827,812,839,2015
549,167,367,232,218,472,569,368,425,2015
550,168,204,345,218,517,571,645,409,2015
551,1,367,567,218,553,541,428,650,2015
552,45,367,567,218,649,394,812,629,2015
553,30,367,291,218,464,906,645,816,2015
554,169,311,480,218,634,447,645,687,2015
555,32,367,567,218,787,594,511,362,2015
556,170,367,477,218,575,323,287,744,2015
557,4,367,567,218,413,680,511,212,2015
558,4,367,567,218,588,546,645,293,2015
559,16,367,539,218,440,445,428,579,2015
560,19,367,305,218,927,917,812,108,2015
561,29,367,567,218,488,556,368,861,2015
562,24,367,567,218,414,400,368,546,2015
563,7,367,567,218,344,598,812,824,2015
564,8,225,567,218,384,468,511,839,2015
565,5,367,439,218,596,660,287,401,2015
566,171,166,352,218,564,414,368,371,2015
567,172,367,293,218,682,681,321,630,2015
568,42,260,370,218,622,568,511,342,2015
569,1,367,182,218,560,539,645,232,2015
570,30,367,567,218,518,567,511,623,2015
571,173,367,567,218,610,436,511,498,2015
572,31,367,567,218,631,855,511,778,2015
573,8,232,252,218,734,428,428,787,2015
574,6,367,567,218,573,628,812,576,2015
575,31,367,567,218,556,641,645,824,2015
576,32,367,567,218,623,406,812,768,2015
577,7,367,156,218,816,646,645,746,2015
578,20,367,381,218,568,780,511,273,2015
579,14,367,424,218,502,647,321,636,2015
580,25,367,242,218,486,672,812,413,2015
581,21,367,567,218,806,798,812,115,2015
582,4,367,567,218,597,836,645,871,2015
583,5,367,567,218,410,578,428,787,2015
584,7,349,453,204,571,547,812,600,2015
585,174,353,567,218,713,315,428,702,2015
586,32,367,272,218,436,645,812,576,2015
587,43,367,544,218,532,429,511,651,2015
588,4,317,223,218,606,469,645,809,2015
589,6,367,567,218,504,638,368,839,2015
590,175,208,533,218,591,512,812,588,2015
591,176,367,420,218,642,373,511,792,2015
592,177,367,567,218,618,555,812,220,2015
593,23,367,538,218,479,739,264,871,2015
594,44,367,176,218,763,762,812,549,2015
595,15,367,559,218,425,384,511,518,2015
596,6,367,507,218,521,815,645,176,2015
597,45,367,567,218,768,719,234,765,2015
598,33,367,411,218,688,671,812,187,2015
599,34,367,333,218,785,525,368,400,2015
600,178,367,567,218,823,544,645,661,2015
601,7,367,567,218,468,450,368,792,2015
602,22,367,388,218,533,748,812,204,2015
603,17,367,567,218,514,336,645,661,2015
604,46,367,567,218,792,396,511,839,2015
605,179,367,567,218,496,508,428,585,2015
606,180,367,265,218,664,385,511,472,2015
607,181,155,220,218,605,608,645,566,2015
608,35,367,567,218,627,531,511,252,2015
609,182,367,567,218,944,840,428,871,2015
610,3,367,567,218,860,900,812,114,2015
611,24,367,567,218,552,577,645,653,2015
612,5,367,567,218,506,477,645,590,2015
613,16,367,567,218,436,500,368,556,2015
614,8,367,242,218,500,974,812,644,2015
615,33,367,567,218,396,773,812,871,2015
616,183,367,567,218,672,440,645,336,2015
617,2,367,567,218,650,481,511,670,2015
618,26,367,567,218,821,631,645,630,2015
619,36,367,281,218,733,706,511,251,2015
620,17,122,567,218,518,581,812,686,2015
621,18,367,567,218,477,750,511,492,2015
622,37,367,567,218,721,644,645,448,2015
623,2,253,386,218,684,560,645,871,2015
624,38,367,567,218,641,756,511,264,2015
625,184,367,197,218,969,871,428,792,2015
626,185,367,567,218,492,532,511,462,2015
627,34,367,534,218,407,362,645,572,2015
628,23,367,567,218,470,563,645,290,2015
629,6,367,567,218,588,652,287,363,2015
630,33,367,567,218,693,623,645,739,2015
631,47,367,567,218,616,340,645,809,2015
632,48,119,358,218,694,695,511,871,2015
633,27,367,406,218,732,611,812,824,2015
634,3,367,567,218,658,630,428,871,2015
635,186,367,567,218,774,632,428,598,2015
636,46,226,567,218,551,383,645,343,2015
637,18,367,491,218,544,483,511,736,2015
638,9,367,395,218,839,931,428,871,2015
639,11,367,529,218,816,747,428,871,2015
640,35,367,567,218,678,765,645,871,2015
641,5,367,567,218,510,704,511,731,2015
642,36,367,536,218,558,984,812,214,2015
643,187,367,284,218,669,661,321,621,2015
644,19,367,567,218,555,573,428,485,2015
645,19,367,457,218,536,455,812,803,2015
646,3,344,545,218,696,757,287,824,2015
647,188,367,263,218,710,593,812,853,2015
648,39,367,476,218,834,708,645,163,2015
649,6,367,516,218,592,937,511,691,2015
650,189,171,567,218,893,771,645,720,2015
651,40,367,514,218,619,582,511,418,2015
652,1,367,189,218,898,561,428,749,2015
653,34,367,567,218,465,798,645,283,2015
654,28,224,567,218,513,527,812,774,2015
655,190,367,567,218,664,417,511,469,2015
656,191,367,567,218,719,590,511,379,2015
657,41,367,567,218,753,787,645,202,2015
658,5,367,496,218,570,554,812,723,2015
659,37,367,567,218,805,962,234,726,2015
660,20,367,567,218,629,558,428,503,2015
661,192,367,245,218,800,548,812,484,2015
662,35,367,567,218,688,649,812,748,2015
663,25,367,422,218,537,534,428,871,2015
664,7,367,567,218,356,613,511,627,2015
665,193,367,567,218,848,755,645,555,2015
666,42,367,307,218,685,760,645,871,2015
667,3,367,567,218,687,621,428,499,2015
668,194,345,567,218,788,427,368,346,2015
669,8,367,567,218,677,715,368,404,2015
670,43,367,567,218,701,658,645,403,2015
671,8,367,525,218,456,443,812,805,2015
672,29,367,567,218,669,744,645,700,2015
673,21,367,567,218,662,843,645,756,2015
674,49,367,567,218,659,533,321,853,2015
675,30,255,567,148,636,470,645,754,2015
676,36,367,567,218,705,564,645,871,2015
677,38,367,499,218,738,931,428,763,2015
678,5,367,262,218,620,513,511,604,2015
679,10,243,260,218,754,904,511,871,2015
680,37,367,567,218,655,678,645,871,2015
681,22,367,567,218,666,779,812,262,2015
682,1,114,247,218,915,892,812,871,2015
683,50,367,567,218,747,808,321,240,2015
684,39,367,567,218,494,929,812,782,2015
685,1,367,567,218,707,624,645,871,2015
686,23,367,567,218,577,822,428,621,2015
687,195,367,448,218,640,473,812,861,2015
688,20,367,567,218,654,456,511,772,2015
689,13,367,289,218,566,878,428,871,2015
690,38,367,567,218,608,803,812,871,2015
691,47,367,522,218,679,523,812,668,2015
692,51,367,433,218,625,458,511,861,2015
693,24,367,567,218,660,830,645,203,2015
694,52,367,567,218,512,806,511,480,2015
695,6,187,567,218,514,950,511,871,2015
696,53,367,567,218,723,395,511,871,2015
697,1,116,567,218,563,950,511,871,2015
698,54,300,567,218,724,339,428,871,2015
699,31,201,567,218,667,499,812,703,2015
700,7,367,372,218,535,479,812,503,2015
701,39,367,567,218,639,637,511,756,2015
702,2,367,567,218,645,519,645,705,2015
703,40,367,567,218,537,835,511,525,2015
704,2,367,567,126,691,529,812,182,2015
705,40,367,383,218,460,865,645,307,2015
706,41,367,399,218,727,984,428,463,2015
707,55,367,335,218,601,597,812,439,2015
708,9,367,567,218,428,686,812,871,2015
709,25,367,523,218,603,587,428,571,2015
710,196,367,431,218,905,643,287,587,2015
711,5,367,567,218,888,714,368,446,2015
712,197,271,567,218,864,572,511,871,2015
713,44,367,567,218,975,837,645,441,2015
714,11,174,503,218,561,848,645,450,2015
715,9,367,378,218,742,659,645,560,2015
716,3,347,567,218,673,816,428,582,2015
717,198,367,201,218,912,785,812,682,2015
718,199,367,246,218,718,923,645,592,2015
719,200,294,567,218,934,665,511,296,2015
720,56,367,355,218,827,895,645,306,2015
721,32,121,323,218,895,776,428,871,2015
722,45,367,567,218,930,633,511,641,2015
723,201,367,567,218,832,515,645,871,2015
724,4,367,567,218,739,562,511,475,2015
725,4,367,341,218,743,728,511,871,2015
726,1,276,567,218,422,694,511,824,2015
727,46,367,567,159,836,824,812,787,2015
728,47,367,567,218,852,752,645,871,2015
729,57,367,428,218,523,566,645,595,2015
730,8,164,464,218,881,700,645,716,2015
731,4,367,567,205,657,720,812,532,2015
732,48,367,567,218,725,595,812,871,2015
733,9,367,340,218,829,904,645,761,2015
734,26,367,567,218,632,725,812,633,2015
735,9,367,567,218,765,679,645,731,2015
736,49,367,343,218,908,721,511,390,2015
737,50,367,567,218,680,712,428,437,2015
738,27,367,567,218,627,751,812,519,2015
739,48,367,567,218,816,684,812,792,2015
740,33,367,567,218,837,502,287,871,2015
741,10,367,567,218,812,793,645,517,2015
742,5,367,440,218,646,875,368,839,2015
743,10,367,567,218,778,627,511,611,2015
744,2,367,513,218,546,559,511,871,2015
745,41,367,567,218,583,890,428,700,2015
746,202,367,382,218,782,640,511,394,2015
747,42,367,567,218,750,615,812,871,2015
748,203,367,371,218,897,524,428,634,2015
749,42,367,567,218,528,969,511,569,2015
750,34,367,567,218,996,368,645,871,2015
751,21,367,324,218,604,746,812,431,2015
752,204,367,567,218,921,432,645,805,2015
753,11,367,270,218,933,738,812,871,2015
754,205,367,567,218,775,504,511,871,2015
755,4,306,567,218,957,699,428,871,2015
756,24,367,461,218,637,781,511,218,2015
757,10,367,567,218,539,854,812,661,2015
758,9,352,567,218,863,635,812,640,2015
759,51,367,567,218,869,862,645,382,2015
760,52,367,567,218,775,736,812,535,2015
761,206,259,472,218,791,670,812,391,2015
762,207,367,394,218,699,685,812,639,2015
763,53,367,567,218,813,475,511,787,2015
764,35,367,567,218,826,782,428,543,2015
765,43,367,567,218,661,743,511,654,2015
766,208,367,537,218,939,489,645,609,2015
767,28,367,567,218,757,617,812,497,2015
768,2,181,567,218,489,984,812,871,2015
769,36,367,567,192,735,701,645,619,2015
770,25,367,417,218,761,974,812,231,2015
771,54,367,567,218,986,770,812,473,2015
772,37,367,567,218,547,674,645,558,2015
773,55,367,567,218,808,791,812,435,2015
774,43,367,283,218,630,892,645,809,2015
775,56,367,567,218,959,711,645,797,2015
776,44,367,567,218,579,664,645,395,2015
777,12,367,567,218,868,650,645,453,2015
778,209,367,567,218,675,636,645,554,2015
779,6,367,567,218,761,839,511,871,2015
780,57,367,567,218,835,860,645,368,2015
781,26,367,507,218,716,921,511,412,2015
782,4,267,279,218,708,891,511,398,2015
783,45,367,308,218,529,912,812,552,2015
784,58,367,357,218,772,707,812,871,2015
785,49,367,567,211,714,487,812,476,2015
786,2,330,567,218,573,579,428,620,2015
787,50,367,567,218,894,666,511,533,2015
788,46,367,567,218,525,754,511,871,2015
789,5,367,567,218,769,570,511,782,2015
790,210,341,467,218,794,769,428,581,2015
791,1,340,567,218,799,642,645,684,2015
792,211,172,567,218,702,790,812,871,2015
793,51,367,567,218,767,691,645,782,2015
794,212,367,310,218,741,662,511,593,2015
795,47,367,427,218,663,806,812,749,2015
796,1,285,469,180,697,730,511,871,2015
797,38,207,567,218,637,768,812,787,2015
798,58,367,567,218,993,586,645,488,2015
799,29,367,567,218,541,703,428,479,2015
800,59,367,567,218,985,759,645,727,2015
801,52,367,567,218,729,619,645,816,2015
802,44,367,567,218,948,813,812,766,2015
803,11,367,567,218,461,950,511,871,2015
804,48,367,331,218,796,943,368,694,2015
805,3,367,567,218,712,451,812,505,2015
806,26,367,567,218,745,859,812,319,2015
807,12,367,567,218,499,883,645,661,2015
808,30,367,567,218,794,958,645,643,2015
809,213,367,373,218,910,705,645,824,2015
810,49,367,567,218,748,984,812,217,2015
811,22,367,251,218,938,634,511,797,2015
812,27,367,567,218,706,819,645,428,2015
813,28,367,567,218,838,928,812,331,2015
814,59,367,567,218,842,552,511,607,2015
815,23,367,543,218,580,668,511,520,2015
816,39,302,567,218,743,814,511,583,2015
817,45,367,567,218,758,592,812,805,2015
818,3,367,550,218,847,753,511,871,2015
819,5,256,567,218,740,761,645,529,2015
820,2,367,567,218,853,820,511,752,2015
821,60,367,287,218,859,772,812,567,2015
822,40,160,567,218,974,580,428,871,2015
823,214,367,567,218,973,793,368,871,2015
824,61,367,567,218,854,829,812,766,2015
825,215,367,429,218,846,698,428,824,2015
826,8,367,567,218,760,910,511,739,2015
827,60,367,504,218,825,958,645,229,2015
828,50,367,567,218,783,912,812,628,2015
829,24,367,527,218,827,501,645,770,2015
830,62,367,567,218,1000,927,645,871,2015
831,41,362,567,218,700,722,812,414,2015
832,216,367,407,218,947,596,511,674,2015
833,217,367,567,218,810,805,812,824,2015
834,29,367,567,218,888,948,645,241,2015
835,218,367,390,218,981,974,812,685,2015
836,27,367,567,218,851,737,645,573,2015
837,7,367,519,218,843,766,511,824,2015
838,61,367,567,218,942,788,812,536,2015
839,62,290,567,218,952,692,645,393,2015
840,63,161,567,218,857,833,645,332,2015
841,31,367,454,218,691,888,812,407,2015
842,8,367,475,218,781,789,812,871,2015
843,6,367,567,218,803,933,511,347,2015
844,219,367,567,218,979,784,812,464,2015
845,1,254,567,218,814,881,645,871,2015
846,51,367,567,218,648,735,812,541,2015
847,3,367,234,218,934,950,812,871,2015
848,12,367,567,184,872,687,511,654,2015
849,32,367,567,218,746,657,812,608,2015
850,220,261,438,218,822,610,812,805,2015
851,13,367,567,218,887,886,645,839,2015
852,9,367,468,218,750,942,645,871,2015
853,7,244,567,218,992,710,812,561,2015
854,3,367,567,218,771,899,812,871,2015
855,64,367,567,218,922,663,645,618,2015
856,221,367,567,218,855,741,812,714,2015
857,53,367,532,218,870,732,428,769,2015
858,52,367,567,218,651,535,645,494,2015
859,42,367,567,218,840,801,812,550,2015
860,30,367,567,218,989,907,645,259,2015
861,28,367,567,218,877,727,511,638,2015
862,65,367,567,218,971,876,812,416,2015
863,66,367,567,218,990,917,645,470,2015
864,53,367,456,218,729,709,428,742,2015
865,13,367,567,218,796,991,645,871,2015
866,54,367,567,218,617,726,812,601,2015
867,66,367,567,218,814,669,812,871,2015
868,31,367,567,218,788,845,812,466,2015
869,1,367,567,218,882,656,645,871,2015
870,29,367,354,218,777,802,812,591,2015
871,55,367,315,218,759,974,812,698,2015
872,33,367,567,218,766,958,812,630,2015
873,25,367,561,218,690,929,812,585,2015
874,63,246,567,218,896,550,511,746,2015
875,14,249,320,218,779,962,812,871,2015
876,54,367,567,218,844,654,511,871,2015
877,56,367,567,218,904,848,368,871,2015
878,32,367,567,218,942,984,812,209,2015
879,43,367,524,218,754,495,645,839,2015
880,44,367,567,218,626,486,812,710,2015
881,45,367,255,218,856,841,812,570,2015
882,26,367,567,218,651,551,645,647,2015
883,57,367,302,218,914,974,812,871,2015
884,222,367,528,218,936,943,321,304,2015
885,64,367,458,218,941,677,812,721,2015
886,58,367,567,218,582,696,812,761,2015
887,67,367,567,218,982,868,812,287,2015
888,59,367,463,218,919,950,812,871,2015
889,60,268,567,218,695,897,645,669,2015
890,5,150,567,218,675,775,812,657,2015
891,14,140,346,209,964,900,645,424,2015
892,6,367,567,218,962,812,812,501,2015
893,223,323,374,218,977,690,812,729,2015
894,34,367,567,218,883,850,812,809,2015
895,61,367,486,218,709,974,812,853,2015
896,46,367,567,218,840,616,812,599,2015
897,224,367,567,218,899,825,645,575,2015
898,33,367,567,218,906,962,812,356,2015
899,62,367,567,218,609,716,645,692,2015
900,68,367,567,218,950,797,812,610,2015
901,225,367,567,218,913,853,812,676,2015
902,55,367,518,218,916,903,428,871,2015
903,69,367,567,218,956,717,645,695,2015
904,63,367,558,218,928,639,428,752,2015
905,7,367,567,218,875,984,812,871,2015
906,226,367,567,218,888,810,812,871,2015
907,30,367,298,218,952,921,812,871,2015
908,70,367,567,218,966,767,812,803,2015
909,71,367,349,218,959,609,511,545,2015
910,31,367,509,218,923,777,511,782,2015
911,6,367,567,218,873,821,511,698,2015
912,4,367,567,218,769,991,812,871,2015
913,227,367,567,218,917,731,812,606,2015
914,5,367,567,218,682,923,645,871,2015
915,9,367,313,218,802,892,645,871,2015
916,15,367,567,218,598,991,812,823,2015
917,32,367,567,218,957,718,511,853,2015
918,10,367,567,218,606,941,812,763,2015
919,46,367,567,218,903,826,812,724,2015
920,11,367,367,218,807,688,812,871,2015
921,7,355,567,218,736,842,645,871,2015
922,47,367,567,218,940,900,645,871,2015
923,15,367,515,218,849,991,428,735,2015
924,64,367,452,218,674,912,645,744,2015
925,16,367,567,218,879,910,812,871,2015
926,72,367,325,218,906,882,511,430,2015
927,35,367,567,218,643,958,812,383,2015
928,1,367,567,218,820,896,645,816,2015
929,228,367,442,218,910,838,812,706,2015
930,36,367,567,218,850,816,812,311,2015
931,6,367,567,218,833,920,812,871,2015
932,16,367,478,218,731,939,645,871,2015
933,3,367,567,218,717,796,645,871,2015
934,12,367,497,218,697,800,812,772,2015
935,37,367,567,218,920,871,645,563,2015
936,229,367,567,218,899,540,812,491,2015
937,6,367,474,218,945,870,511,703,2015
938,65,367,494,218,946,603,511,749,2015
939,13,367,552,218,749,884,812,417,2015
940,38,367,567,218,967,974,812,681,2015
941,14,367,567,218,722,948,812,774,2015
942,27,367,567,218,931,742,645,871,2015
943,65,367,567,218,891,873,812,871,2015
944,8,367,409,218,798,947,645,861,2015
945,73,367,505,218,951,844,511,693,2015
946,17,367,413,218,790,940,812,871,2015
947,66,367,556,218,808,969,812,323,2015
948,67,367,351,218,566,962,812,871,2015
949,68,367,384,218,862,935,812,778,2015
950,1,367,521,218,994,851,812,689,2015
951,34,367,567,218,918,880,812,451,2015
952,35,367,567,218,884,908,812,565,2015
953,69,367,567,218,970,991,645,839,2015
954,10,367,567,218,931,957,812,871,2015
955,70,367,336,218,793,897,812,688,2015
956,7,367,567,218,865,962,645,871,2015
957,71,367,567,218,737,809,645,721,2015
958,8,367,567,218,725,962,645,871,2015
959,39,367,567,218,972,831,812,697,2015
960,4,367,567,218,955,923,368,645,2015
961,15,367,567,218,929,923,645,871,2015
962,1,367,567,218,998,793,645,871,2015
963,72,367,567,218,801,758,812,782,2015
964,9,367,567,218,867,864,511,871,2015
965,2,367,567,218,875,832,511,871,2015
966,47,367,567,218,866,950,645,871,2015
967,18,367,567,218,727,973,645,871,2015
968,2,367,312,218,871,732,812,861,2015
969,73,367,567,218,877,811,812,871,2015
970,74,367,567,218,999,448,645,562,2015
971,19,367,446,218,984,887,812,824,2015
972,74,367,567,218,923,917,812,871,2015
973,36,367,567,218,880,912,645,349,2015
974,16,367,396,218,954,974,812,871,2015
975,75,367,410,218,976,778,645,318,2015
976,76,367,567,218,885,857,812,839,2015
977,77,367,567,218,780,950,812,512,2015
978,48,367,567,218,967,884,645,544,2015
979,20,367,567,218,923,984,812,871,2015
980,5,367,567,218,991,868,812,778,2015
981,8,367,529,218,892,863,812,516,2015
982,78,367,567,218,804,749,645,871,2015
983,21,367,434,218,902,991,812,871,2015
984,79,367,567,218,858,991,812,672,2015
985,5,167,567,218,819,858,645,871,2015
986,1,237,567,218,845,804,645,871,2015
987,2,367,567,218,874,855,812,871,2015
988,3,367,567,218,987,969,645,871,2015
989,49,367,567,218,980,991,812,809,2015
990,80,367,567,218,959,991,812,871,2015
991,81,367,542,218,830,974,812,434,2015
992,17,367,540,218,962,865,645,774,2015
993,82,367,327,218,937,962,812,861,2015
994,33,367,567,218,811,969,511,756,2015
995,4,367,449,218,595,430,645,839,2015
996,7,367,567,218,926,845,812,816,2015
997,4,236,566,218,997,908,645,871,2015
998,18,367,549,218,830,823,812,824,2015
999,40,367,567,218,886,974,812,651,2015
1000,83,367,567,218,861,991,812,547,2015
